До 44k;Марка;Модель;Год;Цена AZN;Пробег км;Тип;Двигатель л;Батарея кВт·ч;Мощность л.с.;Коробка;Привод;Кузов;Рынок сборки;Ссылка
ДА;BYD;Qin Plus;2025;23800;8918;Plug-in гибрид (PHEV);1.5;7.68;197;Avtomat (Variator);Передний;Sedan;;https://turbo.az/autos/10738747-byd-qin-plus
ДА;Changan;Qiyuan A05;2025;24900;26000;Plug-in гибрид (PHEV);1.5;9.07;190;Avtomat (Variator);Передний;Sedan;;https://turbo.az/autos/10724400-changan-qiyuan-a05
ДА;BYD;Destroyer 05;2025;26500;0;Plug-in гибрид (PHEV);1.5;18.3;197;Avtomat (Variator);Передний;Sedan;Китай;https://turbo.az/autos/10017220-byd-destroyer-05
ДА;Changan;Qiyuan A06;2023;28800;71000;Plug-in гибрид (PHEV);1.5;28.39;163;Avtomat (Reduktor);Передний;Liftbek;Китай;https://turbo.az/autos/10730684-changan-qiyuan-a06
ДА;Changan;Eado;2025;30000;7962;Plug-in гибрид (PHEV);1.5;18.4;215;Avtomat (Variator);Передний;Sedan;Китай;https://turbo.az/autos/10743833-changan-eado
ДА;Changan;CS 75 Pro;2025;32299;0;Бензин;1.5;;192;Avtomat (Robot);Передний;Offroader / SUV, 5 qapı;Китай;https://turbo.az/autos/10612950-changan-cs-75-pro
ДА;Changan;Uni-Z;2025;32800;0;Plug-in гибрид (PHEV);1.5;18.4;215;Avtomat (Variator);Передний;Offroader / SUV, 5 qapı;Китай;https://turbo.az/autos/10738355-changan-uni-z
ДА;Changan;CS 55 Plus;2026;33000;0;Бензин;1.5;;192;Avtomat (Robot);Передний;Offroader / SUV, 5 qapı;;https://turbo.az/autos/10650770-changan-cs-55-plus
ДА;Changan;CS 55 Plus;2026;33499;0;Бензин;1.5;;192;Avtomat (Robot);Передний;Offroader / SUV, 5 qapı;Китай;https://turbo.az/autos/10603959-changan-cs-55-plus
ДА;Changan;Nevo A05;2025;36000;31000;Plug-in гибрид (PHEV);1.5;18.4;215;Avtomat (Variator);Передний;Sedan;Другое;https://turbo.az/autos/10736390-changan-nevo-a05
ДА;Changan;CS 75 Plus;2026;36500;0;Бензин;1.5;;185;Avtomat (AT);Передний;Offroader / SUV, 5 qapı;Китай;https://turbo.az/autos/10536975-changan-cs-75-plus
ДА;Changan;CS 75 Plus;2026;36990;0;Бензин;1.5;;185;Avtomat (AT);Передний;Offroader / SUV, 5 qapı;Китай;https://turbo.az/autos/10667087-changan-cs-75-plus
ДА;Changan;Uni-V;2026;37800;0;Бензин;1.5;;192;Avtomat (Robot);Передний;Liftbek;Китай;https://turbo.az/autos/10744031-changan-uni-v
ДА;BYD;Qin Plus;2025;38000;0;Plug-in гибрид (PHEV);1.5;15.9;197;Avtomat (Variator);Передний;Sedan;Китай;https://turbo.az/autos/10604255-byd-qin-plus
ДА;BYD;Song Plus DM-İ;2024;41000;11000;Plug-in гибрид (PHEV);1.5;18.3;331;Avtomat (Variator);Передний;Offroader / SUV, 5 qapı;Китай;https://turbo.az/autos/10652522-byd-song-plus-dm-i
ДА;Changan;Deepal S07;2025;41000;0;Plug-in гибрид (PHEV);1.5;31.73;238;Avtomat (Reduktor);Задний;Offroader / SUV, 5 qapı;Китай;https://turbo.az/autos/10747015-changan-deepal-s07
ДА;Changan;Qiyuan A06R;2025;41000;0;Plug-in гибрид (PHEV);1.5;28.39;325;Avtomat (Reduktor);Задний;Liftbek;Китай;https://turbo.az/autos/10315170-changan-qiyuan-a06r
ДА;Changan;Qiyuan Q07;2025;43000;0;Plug-in гибрид (PHEV);1.5;21.5;224;Avtomat (Variator);Передний;Offroader / SUV, 5 qapı;Китай;https://turbo.az/autos/10588616-changan-qiyuan-q07
ДА;Changan;Qiyuan Q07;2026;44000;0;Plug-in гибрид (PHEV);1.5;21.5;224;Avtomat (Variator);Передний;Offroader / SUV, 5 qapı;Китай;https://turbo.az/autos/10675073-changan-qiyuan-q07
;Changan;Deepal S07;2025;53500;0;Plug-in гибрид (PHEV);1.5;39.05;258;Avtomat (Reduktor);Задний;Offroader / SUV, 5 qapı;;https://turbo.az/autos/10076984-changan-deepal-s07
;Toyota;Corolla Cross;2026;54600;0;Гибрид;2.0;;197;Avtomat (Variator);Передний;Offroader / SUV, 5 qapı;Официальный дилер;https://turbo.az/autos/10482266-toyota-corolla-cross
;Changan;Nevo Q06;2026;56900;0;Plug-in гибрид (PHEV);1.5;28.4;367;Avtomat (Reduktor);Задний;Offroader / SUV, 5 qapı;Официальный дилер;https://turbo.az/autos/10727942-changan-nevo-q06
;ZEEKR;X;2026;61030;0;Электро;;69.0;272;Avtomat (Reduktor);Задний;Offroader / SUV, 5 qapı;Официальный дилер;https://turbo.az/autos/10330527-zeekr-x
;BYD;Leopard 7;2025;71000;0;Plug-in гибрид (PHEV);1.5;35.6;490;Avtomat (Variator);Полный;Offroader / SUV, 5 qapı;Китай;https://turbo.az/autos/10741004-byd-leopard-7
;Changan;Deepal S09;2025;85000;0;Plug-in гибрид (PHEV);1.5;40.18;492;Avtomat (Reduktor);Полный;Offroader / SUV, 5 qapı;;https://turbo.az/autos/9741620-changan-deepal-s09
;Lynk & Co;900;2026;99999;0;Plug-in гибрид (PHEV);1.5;;721;Avtomat (DHT);Полный;Offroader / SUV, 5 qapı;Официальный дилер;https://turbo.az/autos/10323535-lynk-co-900
;ZEEKR;001;2026;110330;0;Электро;;103.0;925;Avtomat (Reduktor);Полный;Liftbek;Официальный дилер;https://turbo.az/autos/10440730-zeekr-001
;ZEEKR;8X;2026;122400;0;Plug-in гибрид (PHEV);2.0;55.0;898;Avtomat (Reduktor);Полный;Offroader / SUV, 5 qapı;Официальный дилер;https://turbo.az/autos/10547402-zeekr-8x
