file,sha256,bytes,duplicate_of,dataset,sheets,raw_document_id,status,note
Ravenol-SAMPLE.xlsx,2463bfc1bc1bcce32930bbc31422f528fda6755940f1ecec1677e1f8e2023914,672241,,ravenol,,6002ec01-d5f8-43e9-a12e-aaf96108475e,registered,
TireSize-SAMPLE.xlsx,1c2bf0dda2aa1b69e6582d13edc94797abe48e7fc3d80db1dd92f900d8ae57a3,100155,,tire_size,,6d1b3479-5e92-486b-bbaf-25273b46f294,registered,
Ravenol-SAMPLE (1).xlsx,2463bfc1bc1bcce32930bbc31422f528fda6755940f1ecec1677e1f8e2023914,672241,Ravenol-SAMPLE.xlsx,ravenol,,6002ec01-d5f8-43e9-a12e-aaf96108475e,duplicate,same sha256
Car-Models-List-by-Teoalida-SAMPLE.xlsx,3ba94819ff47f8f977903d35aa2edf42bc1b5095d979eb7c681c2ea541c772de,135310,,car_models_list,,3f4b48f1-a92a-4a98-8b26-d17595e1c6f7,registered,
Tuning-Database-by-Teoalida-SAMPLE.xlsx,2c89d168158186bb4c12c724034ed3617e5984b653b4a80128c2501ff52ec13e,125971,,tuning,,402eb191-7414-4ff3-909c-e688b74b49f3,registered,
Year-Make-Model-by-Teoalida-SAMPLE.xlsx,cd30ef892cdb948d607416093b8a370a91d6394b314bf97c81bbf75dc694eeca,112091,,ymm,,472a8986-a0c3-43aa-889d-e41e1d8e71dc,registered,
China-Car-Database-by-Teoalida-SAMPLE.xls,08dfb668d769222d6dc762c438ef76d4e2d41923c3e9b4297e31d2a04a683fa0,800768,,china,,0ed97391-05f5-4ddd-b9bd-26dce00684ac,registered,
Japan-Car-Database-by-Teoalida-SAMPLE.xlsx,2641961201ce3159e86238cbd344ccd5afe0f799ce6cd7629efc30dc3ee7c287,1655169,,japan,,aba28d81-820d-485f-a6f1-58cd4a612e9d,registered,
Spain-Car-Database-by-Teoalida-SAMPLE.xlsx,005dba42245441a6c3370b1ae02244d0694237b1ad08d3693e074c445d0a65d2,3214777,,spain,,a2c78e9e-c12a-47e1-b977-81c7589e7817,registered,
Car-Nameplates-List-by-Teoalida-SAMPLE.xlsx,fd6c6d0e9fe8ddb90ece23aa3aefb20c7afbac24f3904f387ae566ae68ffdb62,28977,,car_nameplates,,839ae645-7570-46b2-8c1a-91d21a110e3a,registered,
Light-Bulbs-Database-by-Teoalida-SAMPLE.xls,80c77e2d368ffd8e4b83ddcbbef88306fa983d4e7735b8a09cd36efb30a2fc7c,114688,,light_bulbs,,a55c5882-7919-4691-af3f-1e150fa01880,registered,
Year-Make-Model-by-Teoalida-SAMPLE (1).xlsx,cd30ef892cdb948d607416093b8a370a91d6394b314bf97c81bbf75dc694eeca,112091,Year-Make-Model-by-Teoalida-SAMPLE.xlsx,ymm,,472a8986-a0c3-43aa-889d-e41e1d8e71dc,duplicate,same sha256
China-Car-Database-by-Teoalida-SAMPLE (1).xls,6d5314e97b9efa8e6e68299a0ca3ea9e481ae1a1e6d1e22b081016ab935d1ef8,800768,China-Car-Database-by-Teoalida-SAMPLE.xls,china,,0ed97391-05f5-4ddd-b9bd-26dce00684ac,duplicate,"same cells, different file bytes"
European-Car-Database-by-Teoalida-SAMPLE.xlsx,a360b04c1bff894ff578ffce828d86a73f13cbfdb110eb16797815f83be200d0,3430842,,europe,,99757878-c928-4bed-928c-28c6270b3af8,registered,
European-Car-Database-by-Teoalida-SAMPLE (1).xlsx,a360b04c1bff894ff578ffce828d86a73f13cbfdb110eb16797815f83be200d0,3430842,European-Car-Database-by-Teoalida-SAMPLE.xlsx,europe,,99757878-c928-4bed-928c-28c6270b3af8,duplicate,same sha256
India-Car-Database-by-Teoalida-full-specs-SAMPLE.xlsx,444b2aca08deca821ab2f893ef89057f8a779c7fffc0821451f338556203824c,733502,,india,,d567419f-f9b8-4f7b-89a4-1473c198cfd2,registered,
Year-Make-Model-Trim-Specs-by-Teoalida-SAMPLE (2).xlsx,f8f27e972bedeb3f91d4f863a49a0f966858c3121ed99c865cbcc9d6ec647071,1758432,,ymm_trim_specs,,67e72dc5-c6e9-417b-8219-ce7f2c6a407c,registered,
United-Kingdom-Car-Database-by-Teoalida-full-specs-SAMPLE.xlsx,fc04c75e67a5021da2b23384a58671838a275fd96eabeecb3bd0c24215498680,1715573,,uk,,6d07e6f0-e66e-4ab4-a037-c299ea8a3e47,registered,
