kind,make,model,year,page_url,url,http_status,bytes,sha256,retrieved_at,path,status,note
epa_vehicles_csv,,,,,https://www.fueleconomy.gov/feg/epadata/vehicles.csv.zip,200,2212193,33d32caa0343cdb11c47be631e8a80b7ed7c351ee8503646a4e96485bd67b22f,2026-10-02T06:37:29+00:00,data_work/_shared/raw/epa/vehicles.csv.zip,ok,
vpic_models,toyota,,2014,,https://vpic.nhtsa.dot.gov/api/vehicles/GetModelsForMakeYear/make/toyota/modelyear/2014?format=json,200,1792,1bb1ba178e94140696bcd831e5ac4e5f392265019979a1196494b5b2239eac40,2026-10-02T06:37:42+00:00,data_work/_shared/raw/vpic/models_toyota_2014.json,ok,
vpic_models,toyota,,2015,,https://vpic.nhtsa.dot.gov/api/vehicles/GetModelsForMakeYear/make/toyota/modelyear/2015?format=json,200,1636,8afce5d74c1edd3d87ab0e07edf0437d4b90e3dbff36cd10106c42278872e4d6,2026-10-02T06:37:45+00:00,data_work/_shared/raw/vpic/models_toyota_2015.json,ok,
vpic_models,toyota,,2016,,https://vpic.nhtsa.dot.gov/api/vehicles/GetModelsForMakeYear/make/toyota/modelyear/2016?format=json,200,1712,d11ffb3ae2d267d457adba40084daa40438da015e6499ab8ffe84ff65599ac46,2026-10-02T06:37:47+00:00,data_work/_shared/raw/vpic/models_toyota_2016.json,ok,
vpic_models,toyota,,2017,,https://vpic.nhtsa.dot.gov/api/vehicles/GetModelsForMakeYear/make/toyota/modelyear/2017?format=json,200,1718,69a8ce75273509feac7692d2434f1114be3d73ddffe8cec903770af235ae3bb4,2026-10-02T06:37:49+00:00,data_work/_shared/raw/vpic/models_toyota_2017.json,ok,
vpic_models,toyota,,2018,,https://vpic.nhtsa.dot.gov/api/vehicles/GetModelsForMakeYear/make/toyota/modelyear/2018?format=json,200,1641,e612e3d193a83ce3616fe15e7ccd77395677344fc9cff3d31acd7fd337413528,2026-10-02T06:37:51+00:00,data_work/_shared/raw/vpic/models_toyota_2018.json,ok,
vpic_models,toyota,,2019,,https://vpic.nhtsa.dot.gov/api/vehicles/GetModelsForMakeYear/make/toyota/modelyear/2019?format=json,200,1561,521920125519fe0a2c701f35d57271730d42870d5c2016f91d56e6d2a234f948,2026-10-02T06:37:54+00:00,data_work/_shared/raw/vpic/models_toyota_2019.json,ok,
vpic_models,toyota,,2020,,https://vpic.nhtsa.dot.gov/api/vehicles/GetModelsForMakeYear/make/toyota/modelyear/2020?format=json,200,1557,52a868c16b5d0856fceed7291491a3ac4e5e800672b4d58217c669aea4a92b38,2026-10-02T06:37:56+00:00,data_work/_shared/raw/vpic/models_toyota_2020.json,ok,
vpic_models,toyota,,2021,,https://vpic.nhtsa.dot.gov/api/vehicles/GetModelsForMakeYear/make/toyota/modelyear/2021?format=json,200,1495,19582455a7f2a2e5d7129f325d47ccaafc1f543381919b314e6f6d213974952a,2026-10-02T06:37:57+00:00,data_work/_shared/raw/vpic/models_toyota_2021.json,ok,
vpic_models,toyota,,2022,,https://vpic.nhtsa.dot.gov/api/vehicles/GetModelsForMakeYear/make/toyota/modelyear/2022?format=json,200,1571,80c9f4cbcf332d9b81f91ea038140bc7764763d6e075287badeaa73ab62ac3a1,2026-10-02T06:37:59+00:00,data_work/_shared/raw/vpic/models_toyota_2022.json,ok,
vpic_models,toyota,,2023,,https://vpic.nhtsa.dot.gov/api/vehicles/GetModelsForMakeYear/make/toyota/modelyear/2023?format=json,200,1651,3e67282b5c423c787a5b24320e32e2ef6d717bfec7e7269c5b216c45178b0fdb,2026-10-02T06:38:01+00:00,data_work/_shared/raw/vpic/models_toyota_2023.json,ok,
vpic_models,toyota,,2024,,https://vpic.nhtsa.dot.gov/api/vehicles/GetModelsForMakeYear/make/toyota/modelyear/2024?format=json,200,1818,5a1f38b370a6cf2c309823c263d4b0cdda1285ee81328a91d934e4019dca1f87,2026-10-02T06:38:03+00:00,data_work/_shared/raw/vpic/models_toyota_2024.json,ok,
vpic_models,toyota,,2025,,https://vpic.nhtsa.dot.gov/api/vehicles/GetModelsForMakeYear/make/toyota/modelyear/2025?format=json,200,1826,796239792c05f1c6b85aa3400ed1b5543177d838571eafaa0eb9a3d950f36ebe,2026-10-02T06:38:05+00:00,data_work/_shared/raw/vpic/models_toyota_2025.json,ok,
vpic_models,toyota,,2026,,https://vpic.nhtsa.dot.gov/api/vehicles/GetModelsForMakeYear/make/toyota/modelyear/2026?format=json,200,1979,66dd24d9ecb2cc6c623a121d09532cda59a8a0c61c1461e311c72abfc614ffa6,2026-10-02T06:38:07+00:00,data_work/_shared/raw/vpic/models_toyota_2026.json,ok,
file,,,,,https://s3.amazonaws.com/toyota-cms-media/toyota-pdfs/2017_Toyota_Camry_Product_Information.pdf,403,,,2026-10-02T06:57:16+00:00,,error,
file,,,,,https://s3.amazonaws.com/toyota-cms-media/toyota-pdfs/2018_Toyota_Camry_Hybrid_Product_Information_10_6_2017.pdf,403,,,2026-10-02T06:57:26+00:00,,error,
file,,,,,https://s3.amazonaws.com/toyota-cms-media/toyota-pdfs/2018_Toyota_Camry_Product_Information_November_2_2017.pdf,403,,,2026-10-02T06:57:31+00:00,,error,
file,,,,,https://toyota-cms-media.s3.amazonaws.com/wp-content/uploads/2019/05/2019_Toyota_Camry_Product-Information.pdf,403,,,2026-10-02T06:57:37+00:00,,error,
file,,,,,https://toyota-cms-media.s3.amazonaws.com/wp-content/uploads/2019/06/2018_Toyota_Camry_Hybrid_Product_Information_10_6_2017.pdf,403,,,2026-10-02T06:57:43+00:00,,error,
file,,,,,https://toyota-cms-media.s3.amazonaws.com/wp-content/uploads/2019/11/2020_Toyota_Camry_Hybrid_Product-Information.pdf,403,,,2026-10-02T06:57:49+00:00,,error,
file,,,,,https://toyota-cms-media.s3.amazonaws.com/wp-content/uploads/2019/11/2020_Toyota_Camry_Product_Information1.pdf,403,,,2026-10-02T06:57:55+00:00,,error,
file,,,,,https://toyota-cms-media.s3.amazonaws.com/wp-content/uploads/2020/07/2021-Toyota-Camry-Hybrid_Product-Information.pdf,403,,,2026-10-02T06:58:01+00:00,,error,
file,,,,,https://toyota-cms-media.s3.amazonaws.com/wp-content/uploads/2020/07/2021_Toyota_Camry_Product-Information.pdf,403,,,2026-10-02T06:58:07+00:00,,error,
file,,,,,https://toyota-cms-media.s3.amazonaws.com/wp-content/uploads/2021/11/2022-Toyota-Camry-Hybrid-Product-Information.pdf,403,,,2026-10-02T06:58:13+00:00,,error,
file,,,,,https://toyota-cms-media.s3.amazonaws.com/wp-content/uploads/2021/11/2022-Toyota-Camry-Product-Information.pdf,403,,,2026-10-02T06:58:18+00:00,,error,
file,,,,,https://toyota-cms-media.s3.amazonaws.com/wp-content/uploads/2022/05/2023-Toyota-Camry-Hybrid_Product-Information.pdf,403,,,2026-10-02T06:58:23+00:00,,error,
file,,,,,https://toyota-cms-media.s3.amazonaws.com/wp-content/uploads/2022/05/2023-Toyota-Camry-Product-Information.pdf,403,,,2026-10-02T06:58:29+00:00,,error,
file,,,,,https://toyota-cms-media.s3.amazonaws.com/wp-content/uploads/2023/07/FINAL_2024_Toyota_Camry_Hybrid_Product_Information.pdf,403,,,2026-10-02T06:58:35+00:00,,error,
file,,,,,https://toyota-cms-media.s3.amazonaws.com/wp-content/uploads/2023/07/FINAL_2024_Toyota_Camry_Product_Information_1.pdf,403,,,2026-10-02T06:58:40+00:00,,error,
file,,,,,https://toyota-cms-media.s3.amazonaws.com/wp-content/uploads/2023/11/2025_Toyota_Camry_Product_Information-2.pdf,403,,,2026-10-02T06:58:46+00:00,,error,
file,,,,,https://toyota-cms-media.s3.amazonaws.com/wp-content/uploads/2025/04/2026_Toyota_Camry_Product_Information.pdf,403,,,2026-10-02T06:58:52+00:00,,error,
file,,,,https://pressroom.toyota.com/2014-toyota-camry-hybrid-product-specs/,https://s3.amazonaws.com/toyota-cms-media/toyota-pdfs/2014_Camry_Hybrid_Product_Info.pdf,200,184104,c23293db1963b60087486ac5f250046e7ad0ea05d82769d423df8d426830aa79,2026-10-02T06:59:54+00:00,data_work/toyota/raw/product_info/2014_Camry_Hybrid_Product_Info.pdf,ok,
file,,,,https://pressroom.toyota.com/2014-toyota-camry-product-specs/,https://s3.amazonaws.com/toyota-cms-media/toyota-pdfs/2014_Camry_Product_Information.pdf,200,174540,094fd08d2eaf45d7d5e84cc43153b7e9700f6a4708e5ec3752b96563a66a2e09,2026-10-02T07:00:55+00:00,data_work/toyota/raw/product_info/2014_Camry_Product_Information.pdf,ok,
file,,,,https://pressroom.toyota.com/2015-toyota-camry-hybrid-product-specs/,https://s3.amazonaws.com/toyota-cms-media/toyota-pdfs/2015_Camry_Hybrid_Product_Information.pdf,200,57160,b4e547f7df8aefe98447d31eea0589ebca608eedbde88e7b694bfc7b6026a995,2026-10-02T07:01:01+00:00,data_work/toyota/raw/product_info/2015_Camry_Hybrid_Product_Information.pdf,ok,
file,,,,https://pressroom.toyota.com/2015-toyota-camry-product-specs/,https://s3.amazonaws.com/toyota-cms-media/toyota-pdfs/2015_Camry_Product_Information.pdf,200,56382,51c6b8e837ae49842853bc90eda4b754afd0c32aba1d9ddc395caffdd27aeaf0,2026-10-02T07:01:07+00:00,data_work/toyota/raw/product_info/2015_Camry_Product_Information.pdf,ok,
file,,,,https://pressroom.toyota.com/2016-toyota-camry-hybrid-product-specs/,https://s3.amazonaws.com/toyota-cms-media/toyota-pdfs/2016_Camry_Hybrid_Product_Information.pdf,200,69121,903e95be4cfcbd41879237edde2c255f015b4a2dd6b83872f2b0a2f0c046d71e,2026-10-02T07:01:12+00:00,data_work/toyota/raw/product_info/2016_Camry_Hybrid_Product_Information.pdf,ok,
file,,,,https://pressroom.toyota.com/2016-toyota-camry-product-specs/,https://s3.amazonaws.com/toyota-cms-media/toyota-pdfs/2016_Camry_Product_Information.pdf,200,59334,8600e2b58b02b3f365cdb24947664bb4ff08544d086cae28b1e184af105681f2,2026-10-02T07:01:19+00:00,data_work/toyota/raw/product_info/2016_Camry_Product_Information.pdf,ok,
file,,,,https://pressroom.toyota.com/2017-toyota-camry-hybrid-product-specs/,https://s3.amazonaws.com/toyota-cms-media/toyota-pdfs/2017_Camry_Hybrid_Product_Information.pdf,200,56110,7cbc762a2b6812d16d85483f391c2c63fdabc805fedfdab308a2b6e3f13a863e,2026-10-02T07:01:24+00:00,data_work/toyota/raw/product_info/2017_Camry_Hybrid_Product_Information.pdf,ok,
file,,,,https://pressroom.toyota.com/2017-toyota-camry-product-specs/,https://s3.amazonaws.com/toyota-cms-media/toyota-pdfs/2017_Toyota_Camry_Product_Information.pdf,200,57518,8de18c7b5c0e321c8592601fc45d99b3df0317805e45046cb35f238eb6d40a28,2026-10-02T07:01:30+00:00,data_work/toyota/raw/product_info/2017_Toyota_Camry_Product_Information.pdf,ok,
file,,,,https://pressroom.toyota.com/2018-toyota-camry-hybrid-product-info-sheet/,https://s3.amazonaws.com/toyota-cms-media/toyota-pdfs/2018_Toyota_Camry_Hybrid_Product_Information_10_6_2017.pdf,200,399572,b6accfdf6c843f93c21a0c18e66c3b519a9c84015f65b9f5999314e8ff9c26bc,2026-10-02T07:01:37+00:00,data_work/toyota/raw/product_info/2018_Toyota_Camry_Hybrid_Product_Information_10_6_2017.pdf,ok,
file,,,,https://pressroom.toyota.com/2018-toyota-camry-product-info-sheet/,https://s3.amazonaws.com/toyota-cms-media/toyota-pdfs/2018_Toyota_Camry_Product_Information_November_2_2017.pdf,200,152212,8398f353d70d589fc614cc3e06a54613ab2ee1bd6e135b10d8d42c0855c9cb7f,2026-10-02T07:01:43+00:00,data_work/toyota/raw/product_info/2018_Toyota_Camry_Product_Information_November_2_2017.pdf,ok,
file,,,,https://pressroom.toyota.com/vehicle/2019-toyota-camry/,https://toyota-cms-media.s3.amazonaws.com/wp-content/uploads/2019/05/2019_Toyota_Camry_Product-Information.pdf,200,169535,8b6327190ce36ae6712c87f1be55a212d56741c732f602fcc3f5bb281e96a849,2026-10-02T07:01:49+00:00,data_work/toyota/raw/product_info/2019_Toyota_Camry_Product-Information.pdf,ok,
file,,,,https://pressroom.toyota.com/vehicle/2019-toyota-camry-hybrid/,https://toyota-cms-media.s3.amazonaws.com/wp-content/uploads/2019/06/2018_Toyota_Camry_Hybrid_Product_Information_10_6_2017.pdf,200,399572,b6accfdf6c843f93c21a0c18e66c3b519a9c84015f65b9f5999314e8ff9c26bc,2026-10-02T07:01:55+00:00,data_work/toyota/raw/product_info/2018_Toyota_Camry_Hybrid_Product_Information_10_6_2017.pdf,ok,
file,,,,https://pressroom.toyota.com/vehicle/2020-toyota-camry-hybrid/,https://toyota-cms-media.s3.amazonaws.com/wp-content/uploads/2019/11/2020_Toyota_Camry_Hybrid_Product-Information.pdf,200,153902,4a1b810a990e26602704292086c4f9e46a4b03dc6fb8b3fc8cfbee34b23ebcdd,2026-10-02T07:02:02+00:00,data_work/toyota/raw/product_info/2020_Toyota_Camry_Hybrid_Product-Information.pdf,ok,
file,,,,https://pressroom.toyota.com/vehicle/2020-toyota-camry/,https://toyota-cms-media.s3.amazonaws.com/wp-content/uploads/2019/11/2020_Toyota_Camry_Product_Information1.pdf,200,181086,10367ca0b937999ee491b4ba707753811213c1cab4a8cff519c52aac12d81857,2026-10-02T07:02:08+00:00,data_work/toyota/raw/product_info/2020_Toyota_Camry_Product_Information1.pdf,ok,
file,,,,https://pressroom.toyota.com/vehicle/2021-toyota-camry-hybrid/,https://toyota-cms-media.s3.amazonaws.com/wp-content/uploads/2020/07/2021-Toyota-Camry-Hybrid_Product-Information.pdf,200,239754,1b71f2efa16caa8ffec31ddbe545502a1c3c9997c90c112dcbbc3ac1d88436fa,2026-10-02T07:02:14+00:00,data_work/toyota/raw/product_info/2021-Toyota-Camry-Hybrid_Product-Information.pdf,ok,
file,,,,https://pressroom.toyota.com/vehicle/2021-toyota-camry/,https://toyota-cms-media.s3.amazonaws.com/wp-content/uploads/2020/07/2021_Toyota_Camry_Product-Information.pdf,200,334328,d4b11d746c406145bfca540f7a47333e4e6880a7b50eb41206f2cb5ca75d56ed,2026-10-02T07:02:21+00:00,data_work/toyota/raw/product_info/2021_Toyota_Camry_Product-Information.pdf,ok,
file,,,,https://pressroom.toyota.com/vehicle/2022-toyota-camry-hybrid/,https://toyota-cms-media.s3.amazonaws.com/wp-content/uploads/2021/11/2022-Toyota-Camry-Hybrid-Product-Information.pdf,200,219263,8fd71077514a7f879e3c837bede3a6731a6dc3e3fb8a0bd95594ca37b8629948,2026-10-02T07:02:28+00:00,data_work/toyota/raw/product_info/2022-Toyota-Camry-Hybrid-Product-Information.pdf,ok,
file,,,,https://pressroom.toyota.com/vehicle/2022-toyota-camry/,https://toyota-cms-media.s3.amazonaws.com/wp-content/uploads/2021/11/2022-Toyota-Camry-Product-Information.pdf,200,298578,bda17c40350fa5307988fffa9319b812a5755e1c837ffa198228c8fc1c8a14e8,2026-10-02T07:02:35+00:00,data_work/toyota/raw/product_info/2022-Toyota-Camry-Product-Information.pdf,ok,
file,,,,https://pressroom.toyota.com/vehicle/2023-toyota-camry-hybrid/,https://toyota-cms-media.s3.amazonaws.com/wp-content/uploads/2022/05/2023-Toyota-Camry-Hybrid_Product-Information.pdf,200,196377,1e393d2f4d13bceea50fd3518a353832a2da55cd08aa0ae3947c5dad9929bef8,2026-10-02T07:02:41+00:00,data_work/toyota/raw/product_info/2023-Toyota-Camry-Hybrid_Product-Information.pdf,ok,
file,,,,https://pressroom.toyota.com/vehicle/2023-toyota-camry/,https://toyota-cms-media.s3.amazonaws.com/wp-content/uploads/2022/05/2023-Toyota-Camry-Product-Information.pdf,200,272660,34538be28226e03ec64a68672800a5f6d6f0ccb6f11b5f27a1f264c59294075f,2026-10-02T07:02:47+00:00,data_work/toyota/raw/product_info/2023-Toyota-Camry-Product-Information.pdf,ok,
file,,,,https://pressroom.toyota.com/vehicle/2024-toyota-camry-hybrid/,https://toyota-cms-media.s3.amazonaws.com/wp-content/uploads/2023/07/FINAL_2024_Toyota_Camry_Hybrid_Product_Information.pdf,200,209823,d340266f339662df9c29b044407366314174c99a827b676ad852b3fb46ff2245,2026-10-02T07:02:53+00:00,data_work/toyota/raw/product_info/FINAL_2024_Toyota_Camry_Hybrid_Product_Information.pdf,ok,
file,,,,https://pressroom.toyota.com/vehicle/2024-toyota-camry/,https://toyota-cms-media.s3.amazonaws.com/wp-content/uploads/2023/07/FINAL_2024_Toyota_Camry_Product_Information_1.pdf,200,333594,26d9e99e189966c345e9e9126ec3dfa768dbfbb1191e4e16a82771caef7d0fe3,2026-10-02T07:03:00+00:00,data_work/toyota/raw/product_info/FINAL_2024_Toyota_Camry_Product_Information_1.pdf,ok,
file,,,,https://pressroom.toyota.com/vehicle/2025-toyota-camry/,https://toyota-cms-media.s3.amazonaws.com/wp-content/uploads/2023/11/2025_Toyota_Camry_Product_Information-2.pdf,200,247399,2af952abf16c83e207ac7a90745f0fca06db2d5c7cd2d74c1903b396ab794af4,2026-10-02T07:03:06+00:00,data_work/toyota/raw/product_info/2025_Toyota_Camry_Product_Information-2.pdf,ok,
file,,,,https://pressroom.toyota.com/vehicle/2026-toyota-camry/,https://toyota-cms-media.s3.amazonaws.com/wp-content/uploads/2025/04/2026_Toyota_Camry_Product_Information.pdf,200,350141,1891d00724c61afc880f4cd7b277db1591fa5b700912675e779de6c72cd1488d,2026-10-02T07:03:12+00:00,data_work/toyota/raw/product_info/2026_Toyota_Camry_Product_Information.pdf,ok,
file,,,,https://www.nhtsa.gov/nhtsa-datasets-and-apis,https://static.nhtsa.gov/odi/ffdd/tsbs/TSBS.txt,200,6018,40787d8b128e0749cc337d4616e1d0e773e60bcbfbdbede5e51076e27a1e9963,2026-10-02T07:06:02+00:00,data_work/_shared/raw/nhtsa_mfrcomms/TSBS.txt,ok,
file,,,,https://www.nhtsa.gov/nhtsa-datasets-and-apis,https://static.nhtsa.gov/odi/ffdd/tsbs/MFR_COMMS_RECEIVED_2010-2014.zip,200,2022998,e6ec97b8d0829dacaf2d13a2f00af25623e8901e52db6c33780381a0bf4ba968,2026-10-02T07:06:05+00:00,data_work/_shared/raw/nhtsa_mfrcomms/MFR_COMMS_RECEIVED_2010-2014.zip,ok,
file,,,,https://www.nhtsa.gov/nhtsa-datasets-and-apis,https://static.nhtsa.gov/odi/ffdd/tsbs/MFR_COMMS_RECEIVED_2015-2019.zip,200,13131003,53557d6e2183ef80c488a046b5956d878e18d378c570d5b7d2c5b5da2f77eedc,2026-10-02T07:06:08+00:00,data_work/_shared/raw/nhtsa_mfrcomms/MFR_COMMS_RECEIVED_2015-2019.zip,ok,
file,,,,https://www.nhtsa.gov/nhtsa-datasets-and-apis,https://static.nhtsa.gov/odi/ffdd/tsbs/MFR_COMMS_RECEIVED_2020-2024.zip,200,11673506,01119f9340fd0332acda1a4860992b6c42315bf864fe58ac933cf820468684c3,2026-10-02T07:06:12+00:00,data_work/_shared/raw/nhtsa_mfrcomms/MFR_COMMS_RECEIVED_2020-2024.zip,ok,
file,,,,https://www.nhtsa.gov/nhtsa-datasets-and-apis,https://static.nhtsa.gov/odi/ffdd/tsbs/MFR_COMMS_RECEIVED_2025-2026.zip,200,5298056,8e9f220d895ad459f8621a84904909178031a19e20a27a465daac41c63069820,2026-10-02T07:06:17+00:00,data_work/_shared/raw/nhtsa_mfrcomms/MFR_COMMS_RECEIVED_2025-2026.zip,ok,
