kind,make,line,year,post,page_url,url,http_status,bytes,sha256,retrieved_at,path,status,note
page,volkswagen,library/polo,2009,2009-volkswagen-polo,https://www.carmans.net/2009-volkswagen-polo/,https://www.carmans.net/2009-volkswagen-polo/,200,,,2026-10-04T16:51:41+00:00,,ok,https://www.carmans.net/wp-content/uploads/pdf/2009-volkswagen-polo.pdf
pdf,volkswagen,library/polo,2009,2009-volkswagen-polo,https://www.carmans.net/2009-volkswagen-polo/,https://www.carmans.net/wp-content/uploads/pdf/2009-volkswagen-polo.pdf,200,4030505,0f1b28c36e983f482a56646b35c1ee7ae0b7a55cfb65397b32231139bf256481,2026-10-04T16:51:46+00:00,manuals/volkswagen/carmans_library/2009-volkswagen-polo.pdf,ok,
page,volkswagen,library/polo,2010,2010-volkswagen-polo,https://www.carmans.net/2010-volkswagen-polo/,https://www.carmans.net/2010-volkswagen-polo/,200,,,2026-10-04T16:51:51+00:00,,ok,https://www.carmans.net/wp-content/uploads/pdf/2010-volkswagen-polo.pdf
pdf,volkswagen,library/polo,2010,2010-volkswagen-polo,https://www.carmans.net/2010-volkswagen-polo/,https://www.carmans.net/wp-content/uploads/pdf/2010-volkswagen-polo.pdf,200,4030505,0f1b28c36e983f482a56646b35c1ee7ae0b7a55cfb65397b32231139bf256481,2026-10-04T16:51:57+00:00,manuals/volkswagen/carmans_library/2010-volkswagen-polo.pdf,ok,
page,volkswagen,library/polo,2011,2011-volkswagen-polo,https://www.carmans.net/2011-volkswagen-polo/,https://www.carmans.net/2011-volkswagen-polo/,200,,,2026-10-04T16:52:01+00:00,,ok,https://www.carmans.net/wp-content/uploads/pdf/2011-volkswagen-polo.pdf
pdf,volkswagen,library/polo,2011,2011-volkswagen-polo,https://www.carmans.net/2011-volkswagen-polo/,https://www.carmans.net/wp-content/uploads/pdf/2011-volkswagen-polo.pdf,200,4030505,0f1b28c36e983f482a56646b35c1ee7ae0b7a55cfb65397b32231139bf256481,2026-10-04T16:52:06+00:00,manuals/volkswagen/carmans_library/2011-volkswagen-polo.pdf,ok,
page,volkswagen,library/scirocco,2011,2011-volkswagen-scirocco,https://www.carmans.net/2011-volkswagen-scirocco/,https://www.carmans.net/2011-volkswagen-scirocco/,200,,,2026-10-04T16:52:09+00:00,,ok,https://www.carmans.net/wp-content/uploads/pdf/2011-volkswagen-scirocco.pdf
pdf,volkswagen,library/scirocco,2011,2011-volkswagen-scirocco,https://www.carmans.net/2011-volkswagen-scirocco/,https://www.carmans.net/wp-content/uploads/pdf/2011-volkswagen-scirocco.pdf,200,50949217,2171a503a62a46d11e84a8e15cb44768b0b1b58b0c753dc8eba385dc4e81fef5,2026-10-04T16:52:17+00:00,manuals/volkswagen/carmans_library/2011-volkswagen-scirocco.pdf,ok,
page,volkswagen,library/polo,2012,2012-volkswagen-polo,https://www.carmans.net/2012-volkswagen-polo/,https://www.carmans.net/2012-volkswagen-polo/,200,,,2026-10-04T16:52:21+00:00,,ok,https://www.carmans.net/wp-content/uploads/pdf/2012-volkswagen-polo.pdf
pdf,volkswagen,library/polo,2012,2012-volkswagen-polo,https://www.carmans.net/2012-volkswagen-polo/,https://www.carmans.net/wp-content/uploads/pdf/2012-volkswagen-polo.pdf,200,4030505,0f1b28c36e983f482a56646b35c1ee7ae0b7a55cfb65397b32231139bf256481,2026-10-04T16:52:27+00:00,manuals/volkswagen/carmans_library/2012-volkswagen-polo.pdf,ok,
page,volkswagen,library/scirocco,2012,2012-volkswagen-scirocco,https://www.carmans.net/2012-volkswagen-scirocco/,https://www.carmans.net/2012-volkswagen-scirocco/,200,,,2026-10-04T16:52:32+00:00,,ok,https://www.carmans.net/wp-content/uploads/pdf/2012-volkswagen-scirocco.pdf
pdf,volkswagen,library/scirocco,2012,2012-volkswagen-scirocco,https://www.carmans.net/2012-volkswagen-scirocco/,https://www.carmans.net/wp-content/uploads/pdf/2012-volkswagen-scirocco.pdf,200,50949217,2171a503a62a46d11e84a8e15cb44768b0b1b58b0c753dc8eba385dc4e81fef5,2026-10-04T16:52:43+00:00,manuals/volkswagen/carmans_library/2012-volkswagen-scirocco.pdf,ok,
page,volkswagen,library/up,2012,2012-volkswagen-up,https://www.carmans.net/2012-volkswagen-up/,https://www.carmans.net/2012-volkswagen-up/,200,,,2026-10-04T16:52:48+00:00,,ok,https://www.carmans.net/wp-content/uploads/pdf/2012-volkswagen-up!.pdf
pdf,volkswagen,library/up,2012,2012-volkswagen-up,https://www.carmans.net/2012-volkswagen-up/,https://www.carmans.net/wp-content/uploads/pdf/2012-volkswagen-up!.pdf,200,4376420,4af69e89fc32ae7682a30a0665894e4f7bbf07510c029e29351afaf81f317d41,2026-10-04T16:52:54+00:00,manuals/volkswagen/carmans_library/2012-volkswagen-up.pdf,ok,
page,volkswagen,library/polo,2013,2013-volkswagen-polo,https://www.carmans.net/2013-volkswagen-polo/,https://www.carmans.net/2013-volkswagen-polo/,200,,,2026-10-04T16:52:59+00:00,,ok,https://www.carmans.net/wp-content/uploads/pdf/2013-volkswagen-polo.pdf
pdf,volkswagen,library/polo,2013,2013-volkswagen-polo,https://www.carmans.net/2013-volkswagen-polo/,https://www.carmans.net/wp-content/uploads/pdf/2013-volkswagen-polo.pdf,200,4030505,0f1b28c36e983f482a56646b35c1ee7ae0b7a55cfb65397b32231139bf256481,2026-10-04T16:53:03+00:00,manuals/volkswagen/carmans_library/2013-volkswagen-polo.pdf,ok,
page,volkswagen,library/scirocco,2013,2013-volkswagen-scirocco,https://www.carmans.net/2013-volkswagen-scirocco/,https://www.carmans.net/2013-volkswagen-scirocco/,200,,,2026-10-04T16:53:06+00:00,,ok,https://www.carmans.net/wp-content/uploads/pdf/2013-volkswagen-scirocco.pdf
pdf,volkswagen,library/scirocco,2013,2013-volkswagen-scirocco,https://www.carmans.net/2013-volkswagen-scirocco/,https://www.carmans.net/wp-content/uploads/pdf/2013-volkswagen-scirocco.pdf,200,4196703,4dab49b81db2a55cfae76875f6b73f5648d2b0707d9aa1ed35c8a81cb8972afc,2026-10-04T16:53:11+00:00,manuals/volkswagen/carmans_library/2013-volkswagen-scirocco.pdf,ok,
page,volkswagen,library/up,2013,2013-volkswagen-up,https://www.carmans.net/2013-volkswagen-up/,https://www.carmans.net/2013-volkswagen-up/,200,,,2026-10-04T16:53:13+00:00,,ok,https://www.carmans.net/wp-content/uploads/pdf/2013-volkswagen-up!.pdf
pdf,volkswagen,library/up,2013,2013-volkswagen-up,https://www.carmans.net/2013-volkswagen-up/,https://www.carmans.net/wp-content/uploads/pdf/2013-volkswagen-up!.pdf,200,4376420,4af69e89fc32ae7682a30a0665894e4f7bbf07510c029e29351afaf81f317d41,2026-10-04T16:53:20+00:00,manuals/volkswagen/carmans_library/2013-volkswagen-up.pdf,ok,
page,volkswagen,library/polo,2014,2014-volkswagen-polo,https://www.carmans.net/2014-volkswagen-polo/,https://www.carmans.net/2014-volkswagen-polo/,200,,,2026-10-04T16:53:24+00:00,,ok,https://www.carmans.net/wp-content/uploads/pdf/2014-volkswagen-polo.pdf
pdf,volkswagen,library/polo,2014,2014-volkswagen-polo,https://www.carmans.net/2014-volkswagen-polo/,https://www.carmans.net/wp-content/uploads/pdf/2014-volkswagen-polo.pdf,200,4030505,0f1b28c36e983f482a56646b35c1ee7ae0b7a55cfb65397b32231139bf256481,2026-10-04T16:53:28+00:00,manuals/volkswagen/carmans_library/2014-volkswagen-polo.pdf,ok,
page,volkswagen,library/scirocco,2014,2014-volkswagen-scirocco,https://www.carmans.net/2014-volkswagen-scirocco/,https://www.carmans.net/2014-volkswagen-scirocco/,200,,,2026-10-04T16:53:32+00:00,,ok,https://www.carmans.net/wp-content/uploads/pdf/2014-volkswagen-scirocco.pdf
pdf,volkswagen,library/scirocco,2014,2014-volkswagen-scirocco,https://www.carmans.net/2014-volkswagen-scirocco/,https://www.carmans.net/wp-content/uploads/pdf/2014-volkswagen-scirocco.pdf,200,4196703,4dab49b81db2a55cfae76875f6b73f5648d2b0707d9aa1ed35c8a81cb8972afc,2026-10-04T16:53:37+00:00,manuals/volkswagen/carmans_library/2014-volkswagen-scirocco.pdf,ok,
page,volkswagen,library/up,2014,2014-volkswagen-up,https://www.carmans.net/2014-volkswagen-up/,https://www.carmans.net/2014-volkswagen-up/,200,,,2026-10-04T16:53:42+00:00,,ok,https://www.carmans.net/wp-content/uploads/pdf/2014-volkswagen-up!.pdf
pdf,volkswagen,library/up,2014,2014-volkswagen-up,https://www.carmans.net/2014-volkswagen-up/,https://www.carmans.net/wp-content/uploads/pdf/2014-volkswagen-up!.pdf,200,4376420,4af69e89fc32ae7682a30a0665894e4f7bbf07510c029e29351afaf81f317d41,2026-10-04T16:53:46+00:00,manuals/volkswagen/carmans_library/2014-volkswagen-up.pdf,ok,
page,volkswagen,library/polo,2015,2015-volkswagen-polo,https://www.carmans.net/2015-volkswagen-polo/,https://www.carmans.net/2015-volkswagen-polo/,200,,,2026-10-04T16:53:50+00:00,,ok,https://www.carmans.net/wp-content/uploads/pdf/2015-volkswagen-polo.pdf
pdf,volkswagen,library/polo,2015,2015-volkswagen-polo,https://www.carmans.net/2015-volkswagen-polo/,https://www.carmans.net/wp-content/uploads/pdf/2015-volkswagen-polo.pdf,200,4030505,0f1b28c36e983f482a56646b35c1ee7ae0b7a55cfb65397b32231139bf256481,2026-10-04T16:53:57+00:00,manuals/volkswagen/carmans_library/2015-volkswagen-polo.pdf,ok,
page,volkswagen,library/scirocco,2015,2015-volkswagen-scirocco,https://www.carmans.net/2015-volkswagen-scirocco/,https://www.carmans.net/2015-volkswagen-scirocco/,200,,,2026-10-04T16:54:00+00:00,,ok,https://www.carmans.net/wp-content/uploads/pdf/2015-volkswagen-scirocco.pdf
pdf,volkswagen,library/scirocco,2015,2015-volkswagen-scirocco,https://www.carmans.net/2015-volkswagen-scirocco/,https://www.carmans.net/wp-content/uploads/pdf/2015-volkswagen-scirocco.pdf,200,4196703,4dab49b81db2a55cfae76875f6b73f5648d2b0707d9aa1ed35c8a81cb8972afc,2026-10-04T16:54:06+00:00,manuals/volkswagen/carmans_library/2015-volkswagen-scirocco.pdf,ok,
page,volkswagen,library/up,2015,2015-volkswagen-up,https://www.carmans.net/2015-volkswagen-up/,https://www.carmans.net/2015-volkswagen-up/,200,,,2026-10-04T16:54:10+00:00,,ok,https://www.carmans.net/wp-content/uploads/pdf/2015-volkswagen-up!.pdf
pdf,volkswagen,library/up,2015,2015-volkswagen-up,https://www.carmans.net/2015-volkswagen-up/,https://www.carmans.net/wp-content/uploads/pdf/2015-volkswagen-up!.pdf,200,4376420,4af69e89fc32ae7682a30a0665894e4f7bbf07510c029e29351afaf81f317d41,2026-10-04T16:54:16+00:00,manuals/volkswagen/carmans_library/2015-volkswagen-up.pdf,ok,
page,volkswagen,library/polo,2016,2016-volkswagen-polo,https://www.carmans.net/2016-volkswagen-polo/,https://www.carmans.net/2016-volkswagen-polo/,200,,,2026-10-04T16:54:19+00:00,,ok,https://www.carmans.net/wp-content/uploads/pdf/2016-volkswagen-polo.pdf
pdf,volkswagen,library/polo,2016,2016-volkswagen-polo,https://www.carmans.net/2016-volkswagen-polo/,https://www.carmans.net/wp-content/uploads/pdf/2016-volkswagen-polo.pdf,200,4030505,0f1b28c36e983f482a56646b35c1ee7ae0b7a55cfb65397b32231139bf256481,2026-10-04T16:54:26+00:00,manuals/volkswagen/carmans_library/2016-volkswagen-polo.pdf,ok,
page,volkswagen,library/scirocco,2016,2016-volkswagen-scirocco,https://www.carmans.net/2016-volkswagen-scirocco/,https://www.carmans.net/2016-volkswagen-scirocco/,200,,,2026-10-04T16:54:31+00:00,,ok,https://www.carmans.net/wp-content/uploads/pdf/2016-volkswagen-scirocco.pdf
pdf,volkswagen,library/scirocco,2016,2016-volkswagen-scirocco,https://www.carmans.net/2016-volkswagen-scirocco/,https://www.carmans.net/wp-content/uploads/pdf/2016-volkswagen-scirocco.pdf,200,4196703,4dab49b81db2a55cfae76875f6b73f5648d2b0707d9aa1ed35c8a81cb8972afc,2026-10-04T16:54:39+00:00,manuals/volkswagen/carmans_library/2016-volkswagen-scirocco.pdf,ok,
page,volkswagen,library/up,2016,2016-volkswagen-up,https://www.carmans.net/2016-volkswagen-up/,https://www.carmans.net/2016-volkswagen-up/,200,,,2026-10-04T16:54:42+00:00,,ok,https://www.carmans.net/wp-content/uploads/pdf/2016-volkswagen-up!.pdf
pdf,volkswagen,library/up,2016,2016-volkswagen-up,https://www.carmans.net/2016-volkswagen-up/,https://www.carmans.net/wp-content/uploads/pdf/2016-volkswagen-up!.pdf,200,4376420,4af69e89fc32ae7682a30a0665894e4f7bbf07510c029e29351afaf81f317d41,2026-10-04T16:54:49+00:00,manuals/volkswagen/carmans_library/2016-volkswagen-up.pdf,ok,
page,volkswagen,library/polo,2017,2017-volkswagen-polo,https://www.carmans.net/2017-volkswagen-polo/,https://www.carmans.net/2017-volkswagen-polo/,200,,,2026-10-04T16:54:53+00:00,,ok,https://www.carmans.net/wp-content/uploads/pdf/2016-volkswagen-polo.pdf
page,volkswagen,library/scirocco,2017,2017-volkswagen-scirocco,https://www.carmans.net/2017-volkswagen-scirocco/,https://www.carmans.net/2017-volkswagen-scirocco/,200,,,2026-10-04T16:54:57+00:00,,ok,https://www.carmans.net/wp-content/uploads/pdf/2017-volkswagen-scirocco.pdf
pdf,volkswagen,library/scirocco,2017,2017-volkswagen-scirocco,https://www.carmans.net/2017-volkswagen-scirocco/,https://www.carmans.net/wp-content/uploads/pdf/2017-volkswagen-scirocco.pdf,200,4196703,4dab49b81db2a55cfae76875f6b73f5648d2b0707d9aa1ed35c8a81cb8972afc,2026-10-04T16:55:05+00:00,manuals/volkswagen/carmans_library/2017-volkswagen-scirocco.pdf,ok,
page,volkswagen,library/sharan,2017,2017-volkswagen-sharan,https://www.carmans.net/2017-volkswagen-sharan/,https://www.carmans.net/2017-volkswagen-sharan/,200,,,2026-10-04T16:55:08+00:00,,ok,https://www.carmans.net/wp-content/uploads/pdf/2016-volkswagen-sharan.pdf
pdf,volkswagen,library/sharan,2017,2017-volkswagen-sharan,https://www.carmans.net/2017-volkswagen-sharan/,https://www.carmans.net/wp-content/uploads/pdf/2016-volkswagen-sharan.pdf,200,6135136,51f8a9d7afb8f52c177c198b7c489b433d0dc74278160baec43e837323b50660,2026-10-04T16:55:13+00:00,manuals/volkswagen/carmans_library/2017-volkswagen-sharan.pdf,ok,
page,volkswagen,library/up,2017,2017-volkswagen-up,https://www.carmans.net/2017-volkswagen-up/,https://www.carmans.net/2017-volkswagen-up/,200,,,2026-10-04T16:55:16+00:00,,ok,https://www.carmans.net/wp-content/uploads/pdf/2017-volkswagen-up!.pdf
pdf,volkswagen,library/up,2017,2017-volkswagen-up,https://www.carmans.net/2017-volkswagen-up/,https://www.carmans.net/wp-content/uploads/pdf/2017-volkswagen-up!.pdf,200,4376420,4af69e89fc32ae7682a30a0665894e4f7bbf07510c029e29351afaf81f317d41,2026-10-04T16:55:20+00:00,manuals/volkswagen/carmans_library/2017-volkswagen-up.pdf,ok,
page,volkswagen,library/polo,2018,2018-volkswagen-polo,https://www.carmans.net/2018-volkswagen-polo/,https://www.carmans.net/2018-volkswagen-polo/,200,,,2026-10-04T16:55:24+00:00,,ok,https://www.carmans.net/wp-content/uploads/pdf/2016-volkswagen-polo.pdf
page,volkswagen,library/sharan,2018,2018-volkswagen-sharan,https://www.carmans.net/2018-volkswagen-sharan/,https://www.carmans.net/2018-volkswagen-sharan/,200,,,2026-10-04T16:55:27+00:00,,ok,https://www.carmans.net/wp-content/uploads/pdf/2016-volkswagen-sharan.pdf
page,volkswagen,library/t-roc,2018,2018-volkswagen-t-roc,https://www.carmans.net/2018-volkswagen-t-roc/,https://www.carmans.net/2018-volkswagen-t-roc/,200,,,2026-10-04T16:55:31+00:00,,ok,https://www.carmans.net/wp-content/uploads/pdf/2018-volkswagen-t-roc.pdf
pdf,volkswagen,library/t-roc,2018,2018-volkswagen-t-roc,https://www.carmans.net/2018-volkswagen-t-roc/,https://www.carmans.net/wp-content/uploads/pdf/2018-volkswagen-t-roc.pdf,200,8996239,437e966f47396d4152d5af8d718b5811b6febd0eda4895335e6153a6cddfaaa0,2026-10-04T16:55:41+00:00,manuals/volkswagen/carmans_library/2018-volkswagen-t-roc.pdf,ok,
page,volkswagen,library/up,2018,2018-volkswagen-up,https://www.carmans.net/2018-volkswagen-up/,https://www.carmans.net/2018-volkswagen-up/,200,,,2026-10-04T16:55:46+00:00,,ok,https://www.carmans.net/wp-content/uploads/pdf/2018-volkswagen-up!.pdf
pdf,volkswagen,library/up,2018,2018-volkswagen-up,https://www.carmans.net/2018-volkswagen-up/,https://www.carmans.net/wp-content/uploads/pdf/2018-volkswagen-up!.pdf,200,4376420,4af69e89fc32ae7682a30a0665894e4f7bbf07510c029e29351afaf81f317d41,2026-10-04T16:55:52+00:00,manuals/volkswagen/carmans_library/2018-volkswagen-up.pdf,ok,
page,volkswagen,library/polo,2019,2019-volkswagen-polo,https://www.carmans.net/2019-volkswagen-polo/,https://www.carmans.net/2019-volkswagen-polo/,200,,,2026-10-04T16:55:54+00:00,,ok,https://www.carmans.net/wp-content/uploads/pdf/2016-volkswagen-polo.pdf
page,volkswagen,library/sharan,2019,2019-volkswagen-sharan,https://www.carmans.net/2019-volkswagen-sharan/,https://www.carmans.net/2019-volkswagen-sharan/,200,,,2026-10-04T16:55:58+00:00,,ok,https://www.carmans.net/wp-content/uploads/pdf/2016-volkswagen-sharan.pdf
page,volkswagen,library/t-roc,2019,2019-volkswagen-t-roc,https://www.carmans.net/2019-volkswagen-t-roc/,https://www.carmans.net/2019-volkswagen-t-roc/,200,,,2026-10-04T16:56:03+00:00,,ok,https://www.carmans.net/wp-content/uploads/pdf/2019-volkswagen-t-roc.pdf
pdf,volkswagen,library/t-roc,2019,2019-volkswagen-t-roc,https://www.carmans.net/2019-volkswagen-t-roc/,https://www.carmans.net/wp-content/uploads/pdf/2019-volkswagen-t-roc.pdf,200,8996239,437e966f47396d4152d5af8d718b5811b6febd0eda4895335e6153a6cddfaaa0,2026-10-04T16:56:16+00:00,manuals/volkswagen/carmans_library/2019-volkswagen-t-roc.pdf,ok,
page,volkswagen,library/up,2019,2019-volkswagen-up,https://www.carmans.net/2019-volkswagen-up/,https://www.carmans.net/2019-volkswagen-up/,200,,,2026-10-04T16:56:19+00:00,,ok,https://www.carmans.net/wp-content/uploads/pdf/2019-volkswagen-up!.pdf
pdf,volkswagen,library/up,2019,2019-volkswagen-up,https://www.carmans.net/2019-volkswagen-up/,https://www.carmans.net/wp-content/uploads/pdf/2019-volkswagen-up!.pdf,200,4376420,4af69e89fc32ae7682a30a0665894e4f7bbf07510c029e29351afaf81f317d41,2026-10-04T16:56:24+00:00,manuals/volkswagen/carmans_library/2019-volkswagen-up.pdf,ok,
page,volkswagen,library/polo,2020,2020-volkswagen-polo,https://www.carmans.net/2020-volkswagen-polo/,https://www.carmans.net/2020-volkswagen-polo/,200,,,2026-10-04T16:56:29+00:00,,ok,https://www.carmans.net/wp-content/uploads/pdf/2016-volkswagen-polo.pdf
page,volkswagen,library/sharan,2020,2020-volkswagen-sharan,https://www.carmans.net/2020-volkswagen-sharan/,https://www.carmans.net/2020-volkswagen-sharan/,200,,,2026-10-04T16:56:32+00:00,,ok,https://www.carmans.net/wp-content/uploads/pdf/2016-volkswagen-sharan.pdf
page,volkswagen,library/t-roc,2020,2020-volkswagen-t-roc,https://www.carmans.net/2020-volkswagen-t-roc/,https://www.carmans.net/2020-volkswagen-t-roc/,200,,,2026-10-04T16:56:36+00:00,,ok,https://www.carmans.net/wp-content/uploads/pdf/2020-volkswagen-t-roc.pdf
pdf,volkswagen,library/t-roc,2020,2020-volkswagen-t-roc,https://www.carmans.net/2020-volkswagen-t-roc/,https://www.carmans.net/wp-content/uploads/pdf/2020-volkswagen-t-roc.pdf,200,8996239,437e966f47396d4152d5af8d718b5811b6febd0eda4895335e6153a6cddfaaa0,2026-10-04T16:56:43+00:00,manuals/volkswagen/carmans_library/2020-volkswagen-t-roc.pdf,ok,
page,volkswagen,library/up,2020,2020-volkswagen-up,https://www.carmans.net/2020-volkswagen-up/,https://www.carmans.net/2020-volkswagen-up/,200,,,2026-10-04T16:56:46+00:00,,ok,https://www.carmans.net/wp-content/uploads/pdf/2020-volkswagen-up!.pdf
pdf,volkswagen,library/up,2020,2020-volkswagen-up,https://www.carmans.net/2020-volkswagen-up/,https://www.carmans.net/wp-content/uploads/pdf/2020-volkswagen-up!.pdf,200,4376420,4af69e89fc32ae7682a30a0665894e4f7bbf07510c029e29351afaf81f317d41,2026-10-04T16:56:50+00:00,manuals/volkswagen/carmans_library/2020-volkswagen-up.pdf,ok,
page,volkswagen,library/sharan,2021,2021-volkswagen-sharan,https://www.carmans.net/2021-volkswagen-sharan/,https://www.carmans.net/2021-volkswagen-sharan/,200,,,2026-10-04T16:56:55+00:00,,ok,https://www.carmans.net/wp-content/uploads/pdf/2016-volkswagen-sharan.pdf
page,volkswagen,library/t-roc,2021,2021-volkswagen-t-roc,https://www.carmans.net/2021-volkswagen-t-roc/,https://www.carmans.net/2021-volkswagen-t-roc/,200,,,2026-10-04T16:56:57+00:00,,ok,https://www.carmans.net/wp-content/uploads/pdf/2021-volkswagen-t-roc.pdf
pdf,volkswagen,library/t-roc,2021,2021-volkswagen-t-roc,https://www.carmans.net/2021-volkswagen-t-roc/,https://www.carmans.net/wp-content/uploads/pdf/2021-volkswagen-t-roc.pdf,200,8996239,437e966f47396d4152d5af8d718b5811b6febd0eda4895335e6153a6cddfaaa0,2026-10-04T16:57:07+00:00,manuals/volkswagen/carmans_library/2021-volkswagen-t-roc.pdf,ok,
page,volkswagen,library/up,2021,2021-volkswagen-up,https://www.carmans.net/2021-volkswagen-up/,https://www.carmans.net/2021-volkswagen-up/,200,,,2026-10-04T16:57:09+00:00,,ok,https://www.carmans.net/wp-content/uploads/pdf/2021-volkswagen-up!.pdf
pdf,volkswagen,library/up,2021,2021-volkswagen-up,https://www.carmans.net/2021-volkswagen-up/,https://www.carmans.net/wp-content/uploads/pdf/2021-volkswagen-up!.pdf,200,4376420,4af69e89fc32ae7682a30a0665894e4f7bbf07510c029e29351afaf81f317d41,2026-10-04T16:57:15+00:00,manuals/volkswagen/carmans_library/2021-volkswagen-up.pdf,ok,
page,volkswagen,library/t-roc,2022,2022-volkswagen-t-roc,https://www.carmans.net/2022-volkswagen-t-roc/,https://www.carmans.net/2022-volkswagen-t-roc/,200,,,2026-10-04T16:57:20+00:00,,ok,https://www.carmans.net/wp-content/uploads/pdf/2022-volkswagen-t-roc.pdf
pdf,volkswagen,library/t-roc,2022,2022-volkswagen-t-roc,https://www.carmans.net/2022-volkswagen-t-roc/,https://www.carmans.net/wp-content/uploads/pdf/2022-volkswagen-t-roc.pdf,200,8996239,437e966f47396d4152d5af8d718b5811b6febd0eda4895335e6153a6cddfaaa0,2026-10-04T16:57:27+00:00,manuals/volkswagen/carmans_library/2022-volkswagen-t-roc.pdf,ok,
page,volkswagen,library/up,2022,2022-volkswagen-up,https://www.carmans.net/2022-volkswagen-up/,https://www.carmans.net/2022-volkswagen-up/,200,,,2026-10-04T16:57:32+00:00,,ok,https://www.carmans.net/wp-content/uploads/pdf/2022-volkswagen-up!.pdf
pdf,volkswagen,library/up,2022,2022-volkswagen-up,https://www.carmans.net/2022-volkswagen-up/,https://www.carmans.net/wp-content/uploads/pdf/2022-volkswagen-up!.pdf,200,4376420,4af69e89fc32ae7682a30a0665894e4f7bbf07510c029e29351afaf81f317d41,2026-10-04T16:57:37+00:00,manuals/volkswagen/carmans_library/2022-volkswagen-up.pdf,ok,
page,volkswagen,library/polo,2023,2023-volkswagen-polo,https://www.carmans.net/2023-volkswagen-polo/,https://www.carmans.net/2023-volkswagen-polo/,200,,,2026-10-04T16:57:40+00:00,,ok,https://www.carmans.net/wp-content/uploads/pdf/2016-volkswagen-polo.pdf
page,volkswagen,library/sharan,2023,2023-volkswagen-sharan,https://www.carmans.net/2023-volkswagen-sharan/,https://www.carmans.net/2023-volkswagen-sharan/,200,,,2026-10-04T16:57:45+00:00,,ok,https://www.carmans.net/wp-content/uploads/pdf/2016-volkswagen-sharan.pdf
page,volkswagen,library/t-roc,2023,2023-volkswagen-t-roc,https://www.carmans.net/2023-volkswagen-t-roc/,https://www.carmans.net/2023-volkswagen-t-roc/,200,,,2026-10-04T16:57:49+00:00,,ok,https://www.carmans.net/wp-content/uploads/pdf/2022-volkswagen-t-roc.pdf
page,volkswagen,library/t-roc,2024,2024-volkswagen-t-roc,https://www.carmans.net/2024-volkswagen-t-roc/,https://www.carmans.net/2024-volkswagen-t-roc/,200,,,2026-10-04T16:57:54+00:00,,ok,https://www.carmans.net/wp-content/uploads/pdf/2024-volkswagen-t-roc.pdf
pdf,volkswagen,library/t-roc,2024,2024-volkswagen-t-roc,https://www.carmans.net/2024-volkswagen-t-roc/,https://www.carmans.net/wp-content/uploads/pdf/2024-volkswagen-t-roc.pdf,200,9873659,1f8c5fd16860a04aae04a63ebc1d43ea96403d11aa964eb9a11240a486144761,2026-10-04T16:58:00+00:00,manuals/volkswagen/carmans_library/2024-volkswagen-t-roc.pdf,ok,
