applicability,kept_from,kept_value,key,other_sources,other_values,resolution,scope
"{""vpic_ca_model"": ""Q50 4DR SEDAN 2.0 AWD"", ""market_of_data"": ""CA""}","[""press-infinitinews-q50-2020-4f5032aa""]",[4816.0],length_mm,"[""vpic-ca-infiniti-2018""]",[4800],official value is the main value; the vPIC Canadian value stays a SECONDARY note (section 5.2),infiniti/q50 V37 MY2020
"{""vpic_ca_model"": ""Q50 4DR SEDAN 2.0 AWD"", ""market_of_data"": ""CA""}","[""press-infinitinews-q50-2020-4f5032aa""]",[4816.0],length_mm,"[""vpic-ca-infiniti-2018""]",[4800],official value is the main value; the vPIC Canadian value stays a SECONDARY note (section 5.2),infiniti/q50 V37 MY2021
"{""vpic_ca_model"": ""Q50 4DR SEDAN 2.0 AWD"", ""market_of_data"": ""CA""}","[""press-infinitinews-q50-2020-4f5032aa""]",[4816.0],length_mm,"[""vpic-ca-infiniti-2018""]",[4800],official value is the main value; the vPIC Canadian value stays a SECONDARY note (section 5.2),infiniti/q50 V37 MY2022
"{""vpic_ca_model"": ""Q50 4DR SEDAN 2.0 AWD"", ""market_of_data"": ""CA""}","[""press-infinitinews-q50-2020-4f5032aa""]","[1560.0, 1565.0, 1570.0]",track_rear_mm,"[""vpic-ca-infiniti-2018""]",[1590],official value is the main value; the vPIC Canadian value stays a SECONDARY note (section 5.2),infiniti/q50 V37 MY2020
"{""vpic_ca_model"": ""Q50 4DR SEDAN 2.0 AWD"", ""market_of_data"": ""CA""}","[""press-infinitinews-q50-2021-bdd6c7cf""]","[1560.0, 1565.0, 1570.0]",track_rear_mm,"[""vpic-ca-infiniti-2018""]",[1590],official value is the main value; the vPIC Canadian value stays a SECONDARY note (section 5.2),infiniti/q50 V37 MY2021
"{""vpic_ca_model"": ""Q50 4DR SEDAN 2.0 AWD"", ""market_of_data"": ""CA""}","[""press-infinitinews-q50-2021-bdd6c7cf""]","[1560.0, 1570.0]",track_rear_mm,"[""vpic-ca-infiniti-2018""]",[1590],official value is the main value; the vPIC Canadian value stays a SECONDARY note (section 5.2),infiniti/q50 V37 MY2022
"{""vpic_ca_model"": ""Q50 4DR SEDAN 3.0 AWD"", ""market_of_data"": ""CA""}","[""press-infinitinews-q50-2020-4f5032aa""]",[4816.0],length_mm,"[""vpic-ca-infiniti-2018""]",[4800],official value is the main value; the vPIC Canadian value stays a SECONDARY note (section 5.2),infiniti/q50 V37 MY2020
"{""vpic_ca_model"": ""Q50 4DR SEDAN 3.0 AWD"", ""market_of_data"": ""CA""}","[""press-infinitinews-q50-2020-4f5032aa""]",[4816.0],length_mm,"[""vpic-ca-infiniti-2018""]",[4800],official value is the main value; the vPIC Canadian value stays a SECONDARY note (section 5.2),infiniti/q50 V37 MY2021
"{""vpic_ca_model"": ""Q50 4DR SEDAN 3.0 AWD"", ""market_of_data"": ""CA""}","[""press-infinitinews-q50-2020-4f5032aa""]",[4816.0],length_mm,"[""vpic-ca-infiniti-2018""]",[4800],official value is the main value; the vPIC Canadian value stays a SECONDARY note (section 5.2),infiniti/q50 V37 MY2022
"{""vpic_ca_model"": ""Q50 4DR SEDAN 3.0 AWD"", ""market_of_data"": ""CA""}","[""press-infinitinews-q50-2020-4f5032aa""]",[4816.0],length_mm,"[""vpic-ca-infiniti-2018""]",[4800],official value is the main value; the vPIC Canadian value stays a SECONDARY note (section 5.2),infiniti/q50 V37 MY2023
"{""vpic_ca_model"": ""Q50 4DR SEDAN 3.0 AWD"", ""market_of_data"": ""CA""}","[""press-infinitinews-q50-2020-4f5032aa""]",[4816.0],length_mm,"[""vpic-ca-infiniti-2018""]",[4800],official value is the main value; the vPIC Canadian value stays a SECONDARY note (section 5.2),infiniti/q50 V37 MY2024
"{""vpic_ca_model"": ""Q50 4DR SEDAN 3.0 AWD"", ""market_of_data"": ""CA""}","[""press-infinitinews-q50-2020-4f5032aa""]","[1560.0, 1565.0, 1570.0]",track_rear_mm,"[""vpic-ca-infiniti-2018""]",[1590],official value is the main value; the vPIC Canadian value stays a SECONDARY note (section 5.2),infiniti/q50 V37 MY2020
"{""vpic_ca_model"": ""Q50 4DR SEDAN 3.0 AWD"", ""market_of_data"": ""CA""}","[""press-infinitinews-q50-2021-bdd6c7cf""]","[1560.0, 1565.0, 1570.0]",track_rear_mm,"[""vpic-ca-infiniti-2018""]",[1590],official value is the main value; the vPIC Canadian value stays a SECONDARY note (section 5.2),infiniti/q50 V37 MY2021
"{""vpic_ca_model"": ""Q50 4DR SEDAN 3.0 AWD"", ""market_of_data"": ""CA""}","[""press-infinitinews-q50-2021-bdd6c7cf""]","[1560.0, 1570.0]",track_rear_mm,"[""vpic-ca-infiniti-2018""]",[1590],official value is the main value; the vPIC Canadian value stays a SECONDARY note (section 5.2),infiniti/q50 V37 MY2022
"{""vpic_ca_model"": ""Q50 4DR SEDAN 3.0 AWD"", ""market_of_data"": ""CA""}","[""press-infinitinews-q50-2021-bdd6c7cf""]","[1560.0, 1570.0]",track_rear_mm,"[""vpic-ca-infiniti-2018""]",[1590],official value is the main value; the vPIC Canadian value stays a SECONDARY note (section 5.2),infiniti/q50 V37 MY2023
"{""vpic_ca_model"": ""Q50 4DR SEDAN 3.0 AWD"", ""market_of_data"": ""CA""}","[""press-infinitinews-q50-2021-bdd6c7cf""]","[1560.0, 1570.0]",track_rear_mm,"[""vpic-ca-infiniti-2018""]",[1590],official value is the main value; the vPIC Canadian value stays a SECONDARY note (section 5.2),infiniti/q50 V37 MY2024
"{""vpic_ca_model"": ""Q50 4DR SEDAN AWD"", ""market_of_data"": ""CA""}","[""press-infinitinews-q50-2017-5628af5d""]","[1560.0, 1565.0, 1570.0]",track_rear_mm,"[""vpic-ca-infiniti-2016""]",[1590],official value is the main value; the vPIC Canadian value stays a SECONDARY note (section 5.2),infiniti/q50 V37 MY2017
"{""vpic_ca_model"": ""Q50 4DR SEDAN REDSPORT 400 AWD"", ""market_of_data"": ""CA""}","[""press-infinitinews-q50-2020-4f5032aa""]",[4816.0],length_mm,"[""vpic-ca-infiniti-2018""]",[4800],official value is the main value; the vPIC Canadian value stays a SECONDARY note (section 5.2),infiniti/q50 V37 MY2020
"{""vpic_ca_model"": ""Q50 4DR SEDAN REDSPORT 400 AWD"", ""market_of_data"": ""CA""}","[""press-infinitinews-q50-2020-4f5032aa""]",[4816.0],length_mm,"[""vpic-ca-infiniti-2018""]",[4800],official value is the main value; the vPIC Canadian value stays a SECONDARY note (section 5.2),infiniti/q50 V37 MY2021
"{""vpic_ca_model"": ""Q50 4DR SEDAN REDSPORT 400 AWD"", ""market_of_data"": ""CA""}","[""press-infinitinews-q50-2020-4f5032aa""]",[4816.0],length_mm,"[""vpic-ca-infiniti-2018""]",[4800],official value is the main value; the vPIC Canadian value stays a SECONDARY note (section 5.2),infiniti/q50 V37 MY2022
"{""vpic_ca_model"": ""Q50 4DR SEDAN REDSPORT 400 AWD"", ""market_of_data"": ""CA""}","[""press-infinitinews-q50-2020-4f5032aa""]",[4816.0],length_mm,"[""vpic-ca-infiniti-2018""]",[4800],official value is the main value; the vPIC Canadian value stays a SECONDARY note (section 5.2),infiniti/q50 V37 MY2023
"{""vpic_ca_model"": ""Q50 4DR SEDAN REDSPORT 400 AWD"", ""market_of_data"": ""CA""}","[""press-infinitinews-q50-2020-4f5032aa""]",[4816.0],length_mm,"[""vpic-ca-infiniti-2018""]",[4800],official value is the main value; the vPIC Canadian value stays a SECONDARY note (section 5.2),infiniti/q50 V37 MY2024
"{""vpic_ca_model"": ""Q50 4DR SEDAN REDSPORT 400 AWD"", ""market_of_data"": ""CA""}","[""press-infinitinews-q50-2020-4f5032aa""]","[1560.0, 1565.0, 1570.0]",track_rear_mm,"[""vpic-ca-infiniti-2018""]",[1590],official value is the main value; the vPIC Canadian value stays a SECONDARY note (section 5.2),infiniti/q50 V37 MY2020
"{""vpic_ca_model"": ""Q50 4DR SEDAN REDSPORT 400 AWD"", ""market_of_data"": ""CA""}","[""press-infinitinews-q50-2021-bdd6c7cf""]","[1560.0, 1565.0, 1570.0]",track_rear_mm,"[""vpic-ca-infiniti-2018""]",[1590],official value is the main value; the vPIC Canadian value stays a SECONDARY note (section 5.2),infiniti/q50 V37 MY2021
"{""vpic_ca_model"": ""Q50 4DR SEDAN REDSPORT 400 AWD"", ""market_of_data"": ""CA""}","[""press-infinitinews-q50-2021-bdd6c7cf""]","[1560.0, 1570.0]",track_rear_mm,"[""vpic-ca-infiniti-2018""]",[1590],official value is the main value; the vPIC Canadian value stays a SECONDARY note (section 5.2),infiniti/q50 V37 MY2022
"{""vpic_ca_model"": ""Q50 4DR SEDAN REDSPORT 400 AWD"", ""market_of_data"": ""CA""}","[""press-infinitinews-q50-2021-bdd6c7cf""]","[1560.0, 1570.0]",track_rear_mm,"[""vpic-ca-infiniti-2018""]",[1590],official value is the main value; the vPIC Canadian value stays a SECONDARY note (section 5.2),infiniti/q50 V37 MY2023
"{""vpic_ca_model"": ""Q50 4DR SEDAN REDSPORT 400 AWD"", ""market_of_data"": ""CA""}","[""press-infinitinews-q50-2021-bdd6c7cf""]","[1560.0, 1570.0]",track_rear_mm,"[""vpic-ca-infiniti-2018""]",[1590],official value is the main value; the vPIC Canadian value stays a SECONDARY note (section 5.2),infiniti/q50 V37 MY2024
"{""vpic_ca_model"": ""Q50 4DR SEDAN RWD"", ""market_of_data"": ""CA""}","[""press-infinitinews-q50-2017-5628af5d""]","[1560.0, 1565.0, 1570.0]",track_rear_mm,"[""vpic-ca-infiniti-2016""]",[1590],official value is the main value; the vPIC Canadian value stays a SECONDARY note (section 5.2),infiniti/q50 V37 MY2017
"{""vpic_ca_model"": ""Q50 HYBRID AWD 4DR SEDAN"", ""market_of_data"": ""CA""}","[""press-infinitinews-q50-2020-4f5032aa""]",[4816.0],length_mm,"[""vpic-ca-infiniti-2015""]",[4800],official value is the main value; the vPIC Canadian value stays a SECONDARY note (section 5.2),infiniti/q50 V37 MY2020
"{""vpic_ca_model"": ""Q50 HYBRID AWD 4DR SEDAN"", ""market_of_data"": ""CA""}","[""press-infinitinews-q50-2020-4f5032aa""]",[4816.0],length_mm,"[""vpic-ca-infiniti-2015""]",[4800],official value is the main value; the vPIC Canadian value stays a SECONDARY note (section 5.2),infiniti/q50 V37 MY2021
"{""vpic_ca_model"": ""Q50 HYBRID AWD 4DR SEDAN"", ""market_of_data"": ""CA""}","[""press-infinitinews-q50-2020-4f5032aa""]",[4816.0],length_mm,"[""vpic-ca-infiniti-2015""]",[4800],official value is the main value; the vPIC Canadian value stays a SECONDARY note (section 5.2),infiniti/q50 V37 MY2022
"{""vpic_ca_model"": ""Q50 HYBRID AWD 4DR SEDAN"", ""market_of_data"": ""CA""}","[""press-infinitinews-q50-2017-5628af5d""]","[1560.0, 1565.0, 1570.0]",track_rear_mm,"[""vpic-ca-infiniti-2015""]",[1590],official value is the main value; the vPIC Canadian value stays a SECONDARY note (section 5.2),infiniti/q50 V37 MY2017
"{""vpic_ca_model"": ""Q50 HYBRID AWD 4DR SEDAN"", ""market_of_data"": ""CA""}","[""press-infinitinews-q50-2020-4f5032aa""]","[1560.0, 1565.0, 1570.0]",track_rear_mm,"[""vpic-ca-infiniti-2015""]",[1590],official value is the main value; the vPIC Canadian value stays a SECONDARY note (section 5.2),infiniti/q50 V37 MY2020
"{""vpic_ca_model"": ""Q50 HYBRID AWD 4DR SEDAN"", ""market_of_data"": ""CA""}","[""press-infinitinews-q50-2021-bdd6c7cf""]","[1560.0, 1565.0, 1570.0]",track_rear_mm,"[""vpic-ca-infiniti-2015""]",[1590],official value is the main value; the vPIC Canadian value stays a SECONDARY note (section 5.2),infiniti/q50 V37 MY2021
"{""vpic_ca_model"": ""Q50 HYBRID AWD 4DR SEDAN"", ""market_of_data"": ""CA""}","[""press-infinitinews-q50-2021-bdd6c7cf""]","[1560.0, 1570.0]",track_rear_mm,"[""vpic-ca-infiniti-2015""]",[1590],official value is the main value; the vPIC Canadian value stays a SECONDARY note (section 5.2),infiniti/q50 V37 MY2022
