slug,model,year,trim,generation,trims_n,type,battery_kwh,hp_official,hp_listing,battery_listing,weight_kg,accel_0_100_s,listing,known_issues,issues_resolved,engine_comp,transmission_comp,hybrid_comp,verification
byd_destroyer-05_2022_18.3kwh-145kw,BYD Destroyer 05,2022,2022款 DM-i 120KM 尊贵型,2022款; DM-i 4.0 (ДВС BYD472ZQA 81 кВт),2,PHEV,18.3,197,,,,7.3,,4,5,byd_472zqa_1.5,byd_ehs_ecvt_dmi4,byd_dmi_4.0,partial
byd_destroyer-05_2022_8.3kwh-132kw,BYD Destroyer 05,2022,2022款 DM-i 55KM 舒适型,2022款; DM-i 4.0 (ДВС BYD472ZQA 81 кВт),3,PHEV,8.3,179,,,,7.9,,0,1,byd_472zqa_1.5,byd_ehs_ecvt_dmi4,byd_dmi_4.0,partial
byd_destroyer-05_2023_18.3kwh-145kw,BYD Destroyer 05,2023,2023款 冠军版 DM-i 120KM 豪华型,2023款; DM-i 4.0 (ДВС BYD472QA 81 кВт),4,PHEV,18.3,197,,,1515-1620,7.3,,4,5,byd_472qa_1.5,byd_ehs_ecvt_dmi4,byd_dmi_4.0,verified
byd_destroyer-05_2023_8.3kwh-132kw,BYD Destroyer 05,2023,2023款 冠军版 DM-i 55KM 豪华型,2023款; DM-i 4.0 (ДВС BYD472QA 81 кВт),2,PHEV,8.3,179,,,1515,7.9,,0,1,byd_472qa_1.5,byd_ehs_ecvt_dmi4,byd_dmi_4.0,verified
byd_destroyer-05_2024_18.3kwh-145kw,BYD Destroyer 05,2024,2024款 荣耀版 DM-i 120KM 豪华型,2024款; DM-i 4.0 (ДВС BYD472QA 81 кВт),5,PHEV,18.3,197,,,1515-1620,7.3,,4,5,byd_472qa_1.5,byd_ehs_ecvt_dmi4,byd_dmi_4.0,verified
byd_destroyer-05_2024_8.3kwh-132kw,BYD Destroyer 05,2024,2024款 荣耀版 DM-i 55KM 豪华型,2024款; DM-i 4.0 (ДВС BYD472QA 81 кВт),3,PHEV,8.3,179,,,1515,7.9,,0,1,byd_472qa_1.5,byd_ehs_ecvt_dmi4,byd_dmi_4.0,verified
byd_destroyer-05_2025_8.3kwh-132kw,BYD Destroyer 05,2025,2025款 DM-i 55KM 畅行版,2025款; DM-i 4.0 (ДВС BYD472QA 81 кВт),1,PHEV,8.3,179,,,1515,7.9,,0,1,byd_472qa_1.5,byd_ehs_ecvt_dmi4,byd_dmi_4.0,verified
byd_destroyer-05_2025_dm-i-120km,BYD Destroyer 05,2025,DM-i 120km,2025款; DM-i 4.0 (ДВС BYD472QA 81 кВт),1,PHEV,18.3,197,197,18.3,1620,7.3,да,4,5,byd_472qa_1.5,byd_ehs_ecvt_dmi4,byd_dmi_4.0,verified
byd_leopard-7_2025_26.6kwh-200kw,BYD Leopard 7 PHEV,2025,2025款 135KM两驱Pro版,2025款 (с 09.2025); 1.5T BYD472ZQB 115 кВт,1,PHEV,26.6,272,,,2230,7.9,,0,3,byd_472zqb_1.5t,byd_ehs_ecvt_dm5,byd_dm_5.0,verified
byd_leopard-7_2025_35.6kwh-200kw,BYD Leopard 7 PHEV,2025,2025款 200KM两驱Max版,2025款 (с 09.2025); 1.5T BYD472ZQB 115 кВт,1,PHEV,35.6,272,,,,7.5,,5,8,byd_472zqb_1.5t,byd_ehs_ecvt_dm5,byd_dm_5.0,partial
byd_leopard-7_2025_phev-4wd-190km,BYD Leopard 7 PHEV,2025,"190KM 四驱 (35.6 kWh, 360 кВт)",2025款 (с 09.2025); 1.5T BYD472ZQB 115 кВт,2,PHEV,35.6,489,490,35.6,2925,4.5,да,5,8,byd_472zqb_1.5t,byd_ehs_ecvt_dm5,byd_dm_5.0,verified
byd_leopard-7_2026_50kwh-200kw,BYD Leopard 7 PHEV,2026,2026款 315KM两驱Max版,2026款 (с 08.2026); 1.5T BYD472ZQB 115 кВт,1,PHEV,50,272,,,2350,7.9,,0,3,byd_472zqb_1.5t,byd_ehs_ecvt_dm5,byd_dm_5.0,verified
byd_leopard-7_2026_50kwh-360kw-awd,BYD Leopard 7 PHEV,2026,2026款 300KM四驱Ultra版,2026款 (с 08.2026); 1.5T BYD472ZQB 115 кВт,1,PHEV,50,489,,,2530,4.5,,0,3,byd_472zqb_1.5t,byd_ehs_ecvt_dm5,byd_dm_5.0,verified
byd_qin-plus-dm-i_2021_18.32kwh-145kw,BYD Qin Plus DM-i,2021,2021款 DM-i 120KM 尊贵型,Дорестайлинг 2021款; DM-i 4.0,2,PHEV,18.32,197,,,,7.3,,0,1,byd_472zqa_1.5,byd_ehs_ecvt_dmi4,byd_dmi_4.0,partial
byd_qin-plus-dm-i_2021_8.32kwh-132kw,BYD Qin Plus DM-i,2021,2021款 DM-i 55KM 尊贵型,Дорестайлинг 2021款; DM-i 4.0,3,PHEV,8.32,179,,,,7.9,,0,1,byd_472zqa_1.5,byd_ehs_ecvt_dmi4,byd_dmi_4.0,partial
byd_qin-plus-dm-i_2023_18.32kwh-145kw,BYD Qin Plus DM-i,2023,2023款 冠军版 DM-i 120KM领先型,冠军版 (2023款); DM-i 4.0,3,PHEV,18.32,197,,,1620,7.3,,0,1,byd_472zqa_1.5,byd_ehs_ecvt_dmi4,byd_dmi_4.0,verified
byd_qin-plus-dm-i_2023_8.32kwh-132kw,BYD Qin Plus DM-i,2023,2023款 冠军版 DM-i 55KM领先型,冠军版 (2023款); DM-i 4.0,2,PHEV,8.32,179,,,1500,7.9,,0,1,byd_472zqa_1.5,byd_ehs_ecvt_dmi4,byd_dmi_4.0,verified
byd_qin-plus-dm-i_2024_18.32kwh-145kw,BYD Qin Plus DM-i,2024,2024款 荣耀版 DM-i 120KM领先型,荣耀版 (2024款); DM-i 4.0,4,PHEV,18.32,197,,,1620,7.3,,0,1,byd_472zqa_1.5,byd_ehs_ecvt_dmi4,byd_dmi_4.0,verified
byd_qin-plus-dm-i_2024_8.32kwh-132kw,BYD Qin Plus DM-i,2024,2024款 荣耀版 DM-i 55KM领先型,荣耀版 (2024款); DM-i 4.0,2,PHEV,8.32,179,,,1500,7.9,,0,1,byd_472zqa_1.5,byd_ehs_ecvt_dmi4,byd_dmi_4.0,verified
byd_qin-plus-dm-i_2026_15.87kwh-120kw,BYD Qin Plus DM-i,2026,2026款 128KM进取型,2026款; DM 5.0,1,PHEV,15.87,163,,,1580,7.6,,5,8,byd_472qc_1.5,byd_ehs_ecvt_dm5,byd_dm_5.0,verified
byd_qin-plus-dm-i_2026_25.28kwh-120kw,BYD Qin Plus DM-i,2026,2026款 210KM进取型,2026款; DM 5.0,2,PHEV,25.28,163,,,1580,7.6,,5,8,byd_472qc_1.5,byd_ehs_ecvt_dm5,byd_dm_5.0,verified
byd_qin-plus_2025_dm-i-55km,BYD Qin Plus DM-i,2025,"DM-i 55km (智驾版, DM 5.0)","智驾版 (2025款, с 02.2025); DM 5.0",2,PHEV,7.68,163,197,7.68,1480,7.6,да,8,11,byd_472qc_1.5,byd_ehs_ecvt_dm5,byd_dm_5.0,mismatch
byd_qin-plus_2025_dm5-120km,BYD Qin Plus DM-i,2025,"DM-i 120km (智驾版, DM 5.0, 15.8 kWh)","智驾版 (2025款, с 02.2025); DM 5.0",2,PHEV,15.8,163,197,15.9,1580,7.6,да,5,8,byd_472qc_1.5,byd_ehs_ecvt_dm5,byd_dm_5.0,mismatch
byd_song-plus-dm-i_2021_18.3kwh-145kw,BYD Song PLUS DM-i,2021,2021款 DM-i 110KM 旗舰型,"Дорестайлинг (2021款, DM-i с 03.2021); DM-i 4.0",3,PHEV,18.3,197,,,1790,7.9,,0,1,byd_472zqa_1.5,byd_ehs_ecvt_dmi4,byd_dmi_4.0,verified
byd_song-plus-dm-i_2021_18.3kwh-265kw-awd,BYD Song PLUS DM-i,2021,2021款 DM-i 100KM 四驱旗舰PLUS,"Дорестайлинг (2021款, DM-i с 03.2021); DM-i 4.0 4WD, 1.5T + 2 мотора",2,PHEV,18.3,360,,,1975,5.9,,0,1,byd_476zqc,byd_ehs_ecvt_dmi4,byd_dmi_4.0,verified
byd_song-plus-dm-i_2021_8.3kwh-132kw,BYD Song PLUS DM-i,2021,2021款 DM-i 51KM 尊贵型,"Дорестайлинг (2021款, DM-i с 03.2021); DM-i 4.0",2,PHEV,8.3,179,,,1700,8.5,,0,1,byd_472zqa_1.5,byd_ehs_ecvt_dmi4,byd_dmi_4.0,verified
byd_song-plus-dm-i_2023_18.3kwh-145kw,BYD Song PLUS DM-i,2023,2023款 冠军版 DM-i 110KM 旗舰型,"Рестайлинг 冠军版 (Champion Edition, с 06.2023); DM-i 4.0",2,PHEV,18.3,197,,,1830,8.3,,5,6,byd_472zqa_1.5,byd_ehs_ecvt_dmi4,byd_dmi_4.0,verified
byd_song-plus-dm-i_2023_26.6kwh-145kw,BYD Song PLUS DM-i,2023,2023款 冠军版 DM-i 150KM 旗舰PLUS,"Рестайлинг 冠军版 (Champion Edition, с 06.2023); DM-i 4.0",2,PHEV,26.6,197,,,1830,8.5,,5,6,byd_472zqa_1.5,byd_ehs_ecvt_dmi4,byd_dmi_4.0,verified
byd_song-plus-dm-i_2024_110km,BYD Song PLUS DM-i,2024,"荣耀版 DM-i 110km (18.3 kWh, DM-i 4.0)","Рестайлинг, 荣耀版 (Honor Edition, с 02.2024); DM-i 4.0",2,PHEV,18.3,197,331,18.3,1830,8.3,да,5,6,byd_472qa_1.5,byd_ehs_ecvt_dmi4,byd_dmi_4.0,mismatch
byd_song-plus-dm-i_2024_12.9kwh-145kw,BYD Song PLUS DM-i,2024,2024款 荣耀版 DM-i 71km 豪华型,"Рестайлинг, 荣耀版 (Honor Edition, с 02.2024); DM-i 4.0",1,PHEV,12.9,197,,,1830,8.3,,5,6,byd_472qa_1.5,byd_ehs_ecvt_dmi4,byd_dmi_4.0,verified
byd_song-plus-dm-i_2024_26.6kwh-145kw,BYD Song PLUS DM-i,2024,2024款 荣耀版 DM-i 150km 旗舰PLUS,"Рестайлинг, 荣耀版 (Honor Edition, с 02.2024); DM-i 4.0",2,PHEV,26.6,197,,,1890,8.5,,5,6,byd_472qa_1.5,byd_ehs_ecvt_dmi4,byd_dmi_4.0,verified
byd_song-plus-dm-i_2025_12.9kwh-160kw,BYD Song PLUS DM-i,2025,2025款 DM-i 75KM 豪华型,"2025款 (с 07.2024, 智驾版 с 02.2025); DM 5.0 — «первый SUV на 5-м поколении DM»",2,PHEV,12.9,218,,,1785,7.7,,0,3,byd_472qc_1.5,byd_ehs_ecvt_dm5,byd_dm_5.0,verified
byd_song-plus-dm-i_2025_18.3kwh-160kw,BYD Song PLUS DM-i,2025,2025款 DM-i 112KM 尊贵型,"2025款 (с 07.2024, 智驾版 с 02.2025); DM 5.0 — «первый SUV на 5-м поколении DM»",4,PHEV,18.3,218,,,1830,7.7,,0,3,byd_472qc_1.5,byd_ehs_ecvt_dm5,byd_dm_5.0,verified
byd_song-plus-dm-i_2025_26.6kwh-160kw,BYD Song PLUS DM-i,2025,2025款 DM-i 160KM 旗舰型,"2025款 (с 07.2024, 智驾版 с 02.2025); DM 5.0 — «первый SUV на 5-м поколении DM»",4,PHEV,26.6,218,,,1890,7.9,,0,3,byd_472qc_1.5,byd_ehs_ecvt_dm5,byd_dm_5.0,verified
changan_cs55-plus_2020_jl476zqcd-6at,Changan CS55 PLUS,2020,2020款 1.5T 自动炫色型,"2020款; 1-е поколение, ДВС JL476ZQCD; ДВС JL476ZQCD 115.0 кВт",2,ДВС,,156,,,1480,,,0,0,changan_jl476zqcd_1.5t,,,verified
changan_cs55-plus_2020_jl476zqcd-6mt,Changan CS55 PLUS,2020,2020款 1.5T 手动炫色型,"2020款; 1-е поколение, ДВС JL476ZQCD; ДВС JL476ZQCD 115.0 кВт",2,ДВС,,156,,,1455-1480,,,0,0,changan_jl476zqcd_1.5t,,,verified
changan_cs55-plus_2021_jl473zq2-6mt,Changan CS55 PLUS,2021,2021款 蓝鲸版 1.5T 手动豪华型,"2021款; 1-е поколение, 蓝鲸版 (1.5T JL473ZQ2); ДВС JL473ZQ2 132.0 кВт",1,ДВС,,179,,,1431,,,0,0,changan_jl473zq2_1.5t,,,verified
changan_cs55-plus_2021_jl473zq2-7dct,Changan CS55 PLUS,2021,2021款 蓝鲸版 1.5T DCT豪华型,"2021款; 1-е поколение, 蓝鲸版 (1.5T JL473ZQ2); ДВС JL473ZQ2 132.0 кВт",2,ДВС,,179,,,1460,,,0,2,changan_jl473zq2_1.5t,changan_bluewhale_7dct_wet,,verified
changan_cs55-plus_2022_jl473zq2-6mt,Changan CS55 PLUS,2022,2022款 蓝鲸版 1.5T 手动豪华型,"2022款; 1-е поколение, 蓝鲸版 (1.5T JL473ZQ2); ДВС JL473ZQ2 132.0 кВт",1,ДВС,,179,,,1431,,,0,0,changan_jl473zq2_1.5t,,,verified
changan_cs55-plus_2022_jl473zq2-7dct,Changan CS55 PLUS,2022,2022款 蓝鲸版 1.5T DCT豪华型,"2022款; 1-е поколение, 蓝鲸版 (1.5T JL473ZQ2); ДВС JL473ZQ2 132.0 кВт",2,ДВС,,179,,,1460,,,0,2,changan_jl473zq2_1.5t,changan_bluewhale_7dct_wet,,verified
changan_cs55-plus_2022_jl473zq7-7dct,Changan CS55 PLUS,2022,2022款 第二代 1.5T DCT豪华型,2022款; 第二代 (2-е поколение); ДВС JL473ZQ7 138.0 кВт,6,ДВС,,188,,,1460,,,4,6,changan_jl473zq7_1.5t,changan_bluewhale_7dct_wet,,verified
changan_cs55-plus_2023_jl473zq7-7dct,Changan CS55 PLUS,2023,2023款 第二代 1.5T DCT轻年版,2023款; 第二代 (2-е поколение); ДВС JL473ZQ7 138.0 кВт,1,ДВС,,188,,,1460,,,4,6,changan_jl473zq7_1.5t,changan_bluewhale_7dct_wet,,verified
changan_cs55-plus_2024_jl473zq7-7dct,Changan CS55 PLUS,2024,2024款 第三代 1.5T DCT轻年版,2024款; 第三代 (3-е поколение); ДВС JL473ZQ7 138.0 кВт,3,ДВС,,188,,,1460,,,2,4,changan_jl473zq7_1.5t,changan_bluewhale_7dct_wet,,verified
changan_cs55-plus_2025_jl473zqd-7dct,Changan CS55 PLUS,2025,2025款 第三代 蓝鲸 1.5T 500Bar卓越型,2025款; 第三代 (3-е поколение); ДВС JL473ZQD 141.0 кВт,2,ДВС,,192,,,1460,,,1,4,changan_jl473zqd_1.5t,changan_bluewhale_7dct_wet,,verified
changan_cs55-plus_2026_1.5t-dct,Changan CS55 PLUS,2026,第四代 新蓝鲸 1.5T DCT,"2026款; 第四代 (4-е поколение, 新蓝鲸); ДВС JL473ZQD 141.0 кВт",4,ДВС,,192,192,,1430-1450,,да,5,8,changan_jl473zqd_1.5t,changan_bluewhale_7dct_wet,,verified
changan_cs75-plus_2020_jl476zqcf-6at,Changan CS75 PLUS,2020,2020款 1.5T 自动精英型,2020款 (1-е поколение); ДВС JL476ZQCF 131.0 кВт,3,ДВС,,178,,,1585-1625,,,0,0,changan_jl476zqcf_1.5t,,,verified
changan_cs75-plus_2020_jl476zqcf-6mt,Changan CS75 PLUS,2020,2020款 1.5T 手动豪华型,2020款 (1-е поколение); ДВС JL476ZQCF 131.0 кВт,1,ДВС,,178,,,1580,,,0,0,changan_jl476zqcf_1.5t,,,verified
changan_cs75-plus_2020_jl486zq4-8at,Changan CS75 PLUS,2020,2020款 2.0T 自动领航型,2020款 (1-е поколение); ДВС JL486ZQ4 171.0 кВт,2,ДВС,,232,,,1670-1725,,,0,0,changan_jl486zq4_2.0t,,,verified
changan_cs75-plus_2021_jl476zqcf-6at,Changan CS75 PLUS,2021,2021款 1.5T 自动精英型,2021款 (1-е поколение); ДВС JL476ZQCF 131.0 кВт,4,ДВС,,178,,,1585-1625,,,0,0,changan_jl476zqcf_1.5t,,,verified
changan_cs75-plus_2021_jl476zqcf-6mt,Changan CS75 PLUS,2021,2021款 1.5T 手动豪华型,2021款 (1-е поколение); ДВС JL476ZQCF 131.0 кВт,1,ДВС,,178,,,1580,,,0,0,changan_jl476zqcf_1.5t,,,verified
changan_cs75-plus_2021_jl486zq4-8at,Changan CS75 PLUS,2021,2021款 2.0T 自动领航型,2021款 (1-е поколение); ДВС JL486ZQ4 171.0 кВт,2,ДВС,,232,,,1670-1725,,,0,0,changan_jl486zq4_2.0t,,,verified
changan_cs75-plus_2022_jl473zq7-8at,Changan CS75 PLUS,2022,2022款 第二代 1.5T 自动豪华型,2022款 第二代; ДВС JL473ZQ7 138.0 кВт,4,ДВС,,188,,,1575,,,0,0,changan_jl473zq7_1.5t,aisin_8at,,verified
changan_cs75-plus_2022_jl476zqcf-6at,Changan CS75 PLUS,2022,2022款 1.5T 自动精英型,2022款 经典版; ДВС JL476ZQCF 131.0 кВт,5,ДВС,,178,,,1585-1625,,,0,0,changan_jl476zqcf_1.5t,,,verified
changan_cs75-plus_2022_jl486zq4-8at,Changan CS75 PLUS,2022,2022款 2.0T 自动领航型,2022款 (1-е поколение); ДВС JL486ZQ4 171.0 кВт,2,ДВС,,232,,,1670-1725,,,0,0,changan_jl486zq4_2.0t,,,verified
changan_cs75-plus_2022_jl486zq5-8at,Changan CS75 PLUS,2022,2022款 第二代 2.0T 自动尊贵型,2022款 第二代; ДВС JL486ZQ5 171.0 кВт,3,ДВС,,232,,,1670-1725,,,0,0,changan_jl486zq5_2.0t,aisin_8at,,verified
changan_cs75-plus_2023_jl473zq7-8at,Changan CS75 PLUS,2023,2023款 第二代 1.5T 自动精英型,2023款 第二代/第三代; ДВС JL473ZQ7 138.0 кВт,4,ДВС,,188,,,1575,,,0,0,changan_jl473zq7_1.5t,,,verified
changan_cs75-plus_2023_jl486zq5-8at,Changan CS75 PLUS,2023,2023款 第三代 2.0T 自动尊贵型,2023款 第三代; ДВС JL486ZQ5 171.0 кВт,2,ДВС,,232,,,1670-1725,,,0,0,changan_jl486zq5_2.0t,,,verified
changan_cs75-plus_2024_d20tg-aa-8at,Changan CS75 PLUS,2024,2024款 第三代 冠军版 2.0T 智驾劲擎型,2024款 第三代/冠军版; ДВС D20TG-AA 171.0 кВт,1,ДВС,,232,,,1670,,,0,0,changan_d20tg-aa_2.0t,,,verified
changan_cs75-plus_2024_ne15tg-ac-8at,Changan CS75 PLUS,2024,2024款 第三代 冠军版 1.5T 智驾劲领型,2024款 第三代/冠军版; ДВС NE15TG-AC 138.0 кВт,2,ДВС,,188,,,1575,,,0,0,changan_ne15tg-ac_1.5t,,,verified
changan_cs75-plus_2025_jl473zq7-8at,Changan CS75 PLUS,2025,2025款 第三代 冠军版 1.5T 劲领型,2025款 第三代/冠军版; ДВС JL473ZQ7 138.0 кВт,2,ДВС,,188,,,1575,,,2,2,changan_jl473zq7_1.5t,,,verified
changan_cs75-plus_2025_jl473zqd-8at,Changan CS75 PLUS,2025,2025款 第四代 1.5T 新蓝鲸 智慧卓越型,2025款 第四代/新蓝鲸; ДВС JL473ZQD 141.0 кВт,4,ДВС,,192,,,1545-1580,7.9,,5,6,changan_jl473zqd_1.5t,aisin_8at,,verified
changan_cs75-plus_2025_jl486zq5-8at,Changan CS75 PLUS,2025,2025款 第四代 UItra 2.0T 新蓝鲸 擎风型,2025款 第四代/新蓝鲸; ДВС JL486ZQ5 171.0 кВт,4,ДВС,,232,,,1655,7.3,,1,1,changan_jl486zq5_2.0t,aisin_8at,,verified
changan_cs75-plus_2026_1.5t-8at,Changan CS75 PLUS,2026,智慧冠军版 1.5T 8AT,2026款 智慧冠军版/新蓝鲸/第四代/天枢; ДВС JL473ZQD 141.0 кВт,4,ДВС,,192/188,185,,1575-1715,7.3-7.9,да,5,6,changan_jl473zqd_1.5t,,,mismatch
changan_cs75-plus_2026_jl484zq1-8at-awd,Changan CS75 PLUS,2026,2026款 第四代 2.0T 新蓝鲸 天枢擎云型,2026款 第四代/新蓝鲸/天枢; ДВС JL484ZQ1 180.0 кВт,1,ДВС,,245,,,1715,7.3,,0,0,changan_jl484zq1_2.0t,,,verified
changan_cs75-pro_2025_1.5t-dct,Changan CS75 PRO,2026,"1.5T DCT (JL473ZQD, 192 л.с.)",2026款 PRO; ДВС JL473ZQD 141.0 кВт,5,ДВС,,192,192,,1535-1575,8.4,да,0,1,changan_jl473zqd_1.5t,,,verified
changan_cs75_2020_jl476zqcf-6at,Changan CS75 / CS75 PRO,2020,2020款 280T 自动智惠型 国VI,2020款; ДВС JL476ZQCF 131.0 кВт,5,ДВС,,178,,,,,,0,0,changan_jl476zqcf_1.5t,,,partial
changan_cs75_2020_jl476zqcf-6mt,Changan CS75 / CS75 PRO,2020,2020款 280T 手动优智型 国VI,2020款; ДВС JL476ZQCF 131.0 кВт,5,ДВС,,178,,,1600,,,0,0,changan_jl476zqcf_1.5t,,,verified
changan_cs75_2020_jl476zqcf-7dct,Changan CS75 / CS75 PRO,2020,2020款 280T DCT豪华型 国VI,2020款; ДВС JL476ZQCF 131.0 кВт,2,ДВС,,178,,,1610,,,0,0,changan_jl476zqcf_1.5t,,,verified
changan_cs75_2021_jl476zqcf-6mt,Changan CS75 / CS75 PRO,2021,2021款 荣耀百万版 280T 手动精英型,2021款 荣耀百万版; ДВС JL476ZQCF 131.0 кВт,1,ДВС,,178,,,1600,,,0,0,changan_jl476zqcf_1.5t,,,verified
changan_cs75_2021_jl476zqcf-7dct,Changan CS75 / CS75 PRO,2021,2021款 荣耀百万版 280T DCT豪华型,2021款 荣耀百万版; ДВС JL476ZQCF 131.0 кВт,3,ДВС,,178,,,1610,,,0,0,changan_jl476zqcf_1.5t,,,verified
changan_cs75_2022_jl473zq5-6mt,Changan CS75 / CS75 PRO,2022,2022款 蓝鲸版 1.5T 手动时尚型,2022款 蓝鲸版; ДВС JL473ZQ5 132.0 кВт,2,ДВС,,179,,,1520,,,0,0,changan_jl473zq5_1.5t,,,verified
changan_cs75_2022_jl473zq5-7dct,Changan CS75 / CS75 PRO,2022,2022款 蓝鲸版 1.5T DCT豪华型,2022款 蓝鲸版; ДВС JL473ZQ5 132.0 кВт,2,ДВС,,179,,,1560,,,0,0,changan_jl473zq5_1.5t,,,verified
changan_cs75_2024_jl473zq7-6mt,Changan CS75 / CS75 PRO,2024,2024款 畅享版 1.5T 手动精英型,2024款 畅享版; ДВС JL473ZQ7 138.0 кВт,1,ДВС,,188,,,1520,,,0,0,changan_jl473zq7_1.5t,,,verified
changan_cs75_2024_jl473zq7-7dct,Changan CS75 / CS75 PRO,2024,2024款 畅享版 1.5T DCT豪华型,2024款 畅享版; ДВС JL473ZQ7 138.0 кВт,2,ДВС,,188,,,1560,,,0,0,changan_jl473zq7_1.5t,,,verified
changan_cs75_2025_jl473zq7-7dct,Changan CS75 / CS75 PRO,2025,2025款 PRO 1.5T 舒适型 5座,2025款 PRO; ДВС JL473ZQ7 138.0 кВт,3,ДВС,,188,,,1550-1575,,,0,0,changan_jl473zq7_1.5t,,,verified
changan_cs75_2026_jl473zqa-6mt,Changan CS75 / CS75 PRO,2026,2026款 PRO 1.5T MT 畅享型 7座,2026款 PRO; ДВС JL473ZQA 125.0 кВт,1,ДВС,,170,,,1525,11.8,,0,0,changan_jl473zqa_1.5t,,,verified
changan_deepal-s07_2023_18.99kwh-175kw,Deepal S07 EREV,2023,2023款 121Pro增程版,2023款; генератор JL473QJ 70.0 кВт,2,EREV,18.99,238,,,1895,7.6,,0,1,changan_jl473qj_1.5,,changan_erev_jl473qj_m175,verified
changan_deepal-s07_2023_31.73kwh-175kw,Deepal S07 EREV,2023,2023款 200Max增程版,2023款; генератор JL473QJ 70.0 кВт,2,EREV,31.73,238,,,1990,7.7,,0,1,changan_jl473qj_1.5,,changan_erev_jl473qj_m175,verified
changan_deepal-s07_2024_18.99kwh-175kw,Deepal S07 EREV,2024,2024款 121Pro荣耀版,2024款; генератор JL473QJ 70.0 кВт,3,EREV,18.99,238,,,1875-1895,7.6,,2,3,changan_jl473qj_1.5,,changan_erev_jl473qj_m175,verified
changan_deepal-s07_2024_31.73kwh-175kw,Deepal S07 EREV,2024,2024款 215Pro,2024款; генератор JL473QJ 70.0 кВт,4,EREV,31.73,238,,,1950-1990,7.7,,4,5,changan_jl473qj_1.5,,changan_erev_jl473qj_m175,verified
changan_deepal-s07_2024_39.05kwh-190kw,Deepal S07 EREV,2024,2024款 285Max,2024款; генератор JL473QJ 70.0 кВт,2,EREV,39.05,258,,,2025,7.8,,4,4,changan_jl473qj_1.5,,changan_erev_jl473qj_m190,verified
changan_deepal-s07_2025_erev-215,Deepal S07 EREV,2025,增程 215 (31.73 kWh),2025款; генератор JL469Q1 72.0 кВт,3,EREV,31.73,238,238,31.73,1990,7.7,да,5,5,changan_jl469q1_1.5,,changan_erev_jl469q1_m175,verified
changan_deepal-s07_2025_erev-285,Deepal S07 EREV,2025,增程 285 (39.05 kWh),2025款; генератор JL469Q1 72.0 кВт,2,EREV,39.05,258,258,39.05,2035,7.8,да,5,5,changan_jl469q1_1.5,,changan_erev_jl469q1_m190,verified
changan_deepal-s07_2026_31.73kwh-190kw,Deepal S07 EREV,2026,2026款 230Max+ 华为乾崑激光版,2026款; генератор JL469Q1 72.0 кВт; 华为乾崑 ADS,5,EREV,31.73,258,,,1970,7.5,,2,2,changan_jl469q1_1.5,,changan_erev_jl469q1_m190,verified
changan_deepal-s07_2026_39.06kwh-200kw,Deepal S07 EREV,2026,2026款 300Ultra 华为乾崑激光版,2026款; генератор JL469Q1 72.0 кВт; 华为乾崑 ADS,2,EREV,39.06,272,,,2020,7.6,,2,2,changan_jl469q1_1.5,,changan_erev_jl469q1_m200,verified
changan_deepal-s09_2025_40.18kwh-231kw,Deepal S09 EREV,2025,2025款 改款 后驱Max,2025款; генератор JL469ZQ1 1.5T 110 кВт,4,EREV,40.18,314,,,2510-2590,7.9,,6,6,changan_jl469zq1_1.5t,,changan_erev_jl469zq1_m231,verified
changan_deepal-s09_2025_53.49kwh-231kw,Deepal S09 EREV,2025,2025款 后驱Ultra+超长续航版,2025款; генератор JL469ZQ1 1.5T 110 кВт; 超长续航,1,EREV,53.49,314,,,2668,7.9,,5,5,changan_jl469zq1_1.5t,,changan_erev_jl469zq1_m231,verified
changan_deepal-s09_2025_53.49kwh-362kw-awd,Deepal S09 EREV,2025,2025款 四驱Ultra+ 超长续航高定版,2025款; генератор JL469ZQ1 1.5T 110 кВт; 超长续航,1,EREV,53.49,492,,,2690,5.9,,5,5,changan_jl469zq1_1.5t,,changan_erev_jl469zq1_m131-231,verified
changan_deepal-s09_2025_erev-4wd,Deepal S09 EREV,2025,"四驱Ultra (40.18 kWh, 362 кВт)",2025款; генератор JL469ZQ1 1.5T 110 кВт,2,EREV,40.18,492,492,40.18,2668,5.9,да,6,6,changan_jl469zq1_1.5t,,changan_erev_jl469zq1_m131-231,verified
changan_deepal-s09_2026_53.49kwh-231kw,Deepal S09 EREV,2026,2026款 后驱Ultra 超长续航版,2026款; генератор JL469ZQ1 1.5T 110 кВт; 超长续航,1,EREV,53.49,314,,,2668,7.9,,0,0,changan_jl469zq1_1.5t,,changan_erev_jl469zq1_m231,verified
changan_eado-phev_2025_145km,Changan Eado PHEV,2025,智慧新蓝鲸 145KM (18.4 kWh),2025款 智慧新蓝鲸 (с 03.2025); силовая установка как у Qiyuan A05 2025,2,PHEV,18.4,215,215,18.4,1535,6.8,да,0,1,changan_jl469q1_1.5,,changan_phev_jl469q1_m158,verified
changan_eado-phev_2025_9.07kwh-140kw,Changan Eado PHEV,2025,2025款 智慧新蓝鲸 70KM 超越版,2025款 智慧新蓝鲸 (с 03.2025); силовая установка как у Qiyuan A05 2025,1,PHEV,9.07,190,,,1425,7.9,,0,0,changan_jl469q1_1.5,,changan_phev_jl469q1_m140,verified
changan_nevo-a05_2025_145,Changan Nevo A05,2025,"145 (真香版, 18.4 kWh)",2025款 真香版 (с 10.2024); ДВС JL469Q1 72 кВт,3,PHEV,18.4,215,215,18.4,1535,6.8,да,6,7,changan_jl469q1_1.5,,changan_phev_jl469q1_m158,verified
changan_nevo-q06_2026_erev,Changan Nevo Q06 EREV,2027,增程 1600 双电机 (28.39 kWh),2027款 (старт продаж 2026-09-23),1,EREV,28.39,367,367,28.4,1930,5.8,да,0,0,changan_jl469q1_1.5,,changan_erev_jl469q1_m270,partial
changan_qiyuan-a05_2024_18.4kwh-158kw,Changan Qiyuan A05,2024,2024款 145 出行版,2024款 (запуск 10.2023; 真香版 с 04.2024); ДВС JL473Q5 81 кВт,1,PHEV,18.4,215,,,1555,6.8,,6,6,changan_jl473q5_1.5,,changan_phev_jl473q5_m158,verified
changan_qiyuan-a05_2024_18.99kwh-158kw,Changan Qiyuan A05,2024,2024款 真香版 145 尊贵型,2024款 (запуск 10.2023; 真香版 с 04.2024); ДВС JL473Q5 81 кВт,6,PHEV,18.99,215,,,1555,6.8,,6,6,changan_jl473q5_1.5,,changan_phev_jl473q5_m158,verified
changan_qiyuan-a05_2024_9.07kwh-140kw,Changan Qiyuan A05,2024,2024款 真香版 70 领先型,2024款 (запуск 10.2023; 真香版 с 04.2024); ДВС JL473Q5 81 кВт,5,PHEV,9.07,190,,,1425-1455,7.9,,6,6,changan_jl473q5_1.5,,changan_phev_jl473q5_m140,verified
changan_qiyuan-a05_2025_70,Changan Qiyuan A05,2025,"70 (真香版, 9.07 kWh)",2025款 真香版 (с 10.2024); ДВС JL469Q1 72 кВт,2,PHEV,9.07,190,190,9.07,1425,7.9,да,6,6,changan_jl469q1_1.5,,changan_phev_jl469q1_m140,partial
changan_qiyuan-a06_2026_erev-240,Changan Qiyuan A06 EREV,2026,增程 240 (28.39 kWh),2026款 增程 (запуск 11.2025),3,EREV,28.39,163,163,28.39,1800,,да,6,6,changan_jl469q1_1.5,,changan_erev_jl469q1_m120,mismatch
changan_qiyuan-a06r_2025_erev-240,Changan Qiyuan A06R (название из объявления),2025,增程 240 (28.39 kWh),2026款 增程 (запуск 11.2025),3,EREV,28.39,163,325,28.39,1800,,да,6,6,changan_jl469q1_1.5,,changan_erev_jl469q1_m120,mismatch
changan_qiyuan-q07_2025_145,Changan Qiyuan Q07,2025,145 (21.5 kWh),2025款 (с 04.2025); ДВС JL469Q1 72.0 кВт,2,PHEV,21.5,224,224,21.5,1785,7.36,да,6,6,changan_jl469q1_1.5,,changan_phev_jl469q1_m165,verified
changan_qiyuan-q07_2025_31.7kwh-165kw-jl469q1,Changan Qiyuan Q07,2025,2025款 215尊贵型,2025款 (с 04.2025); ДВС JL469Q1 72.0 кВт,3,PHEV,31.7,224,,,1875,7.58,,6,6,changan_jl469q1_1.5,,changan_phev_jl469q1_m165,verified
changan_qiyuan-q07_2025_31.7kwh-165kw,Changan Qiyuan Q07,2025,2025款 215旗舰型,"2025款 (с 04.2025); ДВС JL469ZQ1 110.0 кВт (турбо, 旗舰)",4,PHEV,31.7,224,,,1935,7.57,,6,6,changan_jl469zq1_1.5t,,changan_phev_jl469zq1_m165,verified
changan_qiyuan-q07_2026_145,Changan Qiyuan Q07,2026,145 (21.5 kWh),2025款 (с 04.2025); ДВС JL469Q1 72.0 кВт,2,PHEV,21.5,224,224,21.5,1785,7.36,да,6,6,changan_jl469q1_1.5,,changan_phev_jl469q1_m165,verified
changan_uni-v_2022_jl473zq7-7dct,Changan UNI-V,2022,2022款 1.5T 卓越型,2022款; ДВС JL473ZQ7 138.0 кВт,4,ДВС,,188,,,1400,,,0,0,changan_jl473zq7_1.5t,,,verified
changan_uni-v_2022_jl486zq5-8at,Changan UNI-V,2022,2022款 2.0T 锋速版,2022款; ДВС JL486ZQ5 171.0 кВт,2,ДВС,,232,,,1505,,,0,0,changan_jl486zq5_2.0t,,,verified
changan_uni-v_2023_jl473zq7-7dct,Changan UNI-V,2023,2023款 1.5T 尊享型,2023款; ДВС JL473ZQ7 138.0 кВт,4,ДВС,,188,,,1405,,,0,0,changan_jl473zq7_1.5t,,,verified
changan_uni-v_2023_jl486zq5-8at,Changan UNI-V,2023,2023款 2.0T 锋速版,2023款; ДВС JL486ZQ5 171.0 кВт,2,ДВС,,232,,,1505,,,0,0,changan_jl486zq5_2.0t,,,verified
changan_uni-v_2024_jl473zq7-7dct,Changan UNI-V,2024,2024款 1.5T 尊享型,2024款; ДВС JL473ZQ7 138.0 кВт,5,ДВС,,188,,,1405-1415,,,5,5,changan_jl473zq7_1.5t,,,verified
changan_uni-v_2024_jl486zq5-8at,Changan UNI-V,2024,2024款 2.0T 经典运动型,2024款; ДВС JL486ZQ5 171.0 кВт,2,ДВС,,232,,,1505,,,1,1,changan_jl486zq5_2.0t,,,verified
changan_uni-v_2025_jl484zq1-8at,Changan UNI-V,2025,2025款 第三代 2.0T 劲速型,2025款 第三代; ДВС JL484ZQ1 180.0 кВт,2,ДВС,,245,,,1505,6.3,,1,1,changan_jl484zq1_2.0t,,,verified
changan_uni-v_2026_1.5t-dct,Changan UNI-V,2025,第三代 1.5T DCT (192 л.с.),2025款 第三代/500Bar; ДВС JL473ZQD 141.0 кВт,8,ДВС,,192,192,,1415,7.5,да,4,7,changan_jl473zqd_1.5t,changan_bluewhale_7dct_wet,,verified
changan_uni-z-phev_2024_18.4kwh-158kw,Changan UNI-Z PHEV,2024,2024款 蓝鲸智电iDD 125km 领先型,2024款 蓝鲸智电iDD (с 03.2024),3,PHEV,18.4,215,,,1720,7.4,,5,6,changan_jl469q1_1.5,,changan_phev_jl469q1_m158,verified
changan_uni-z-phev_2025_125km,Changan UNI-Z PHEV,2025,智慧新蓝鲸 125km (18.4 kWh),2025款 智慧新蓝鲸 (с 02.2025),3,PHEV,18.4,215,215,18.4,1720,7.4,да,5,6,changan_jl469q1_1.5,,changan_phev_jl469q1_m158,verified
changan_uni-z-phev_2026_18.4kwh-160kw,Changan UNI-Z PHEV,2026,2026款 智慧新蓝鲸 130km 进取型,2026款 智慧新蓝鲸 130km (мотор 160 кВт),3,PHEV,18.4,218,,,1710,,,0,0,changan_jl469q1_1.5,,changan_phev_jl469q1_m160,verified
lynk-co_900_2025_44.85kwh-390kw-awd,Lynk & Co 900,2025,2025款 1.5T Halo 6座,2025款; ДВС JLM-4G15TD 140.0 кВт,2,PHEV,44.85,530,,,2660-2760,4.8,,6,6,lynk_jlm-4g15td_1.5t,lynk_em-p_3dht,lynk_em-p,verified
lynk-co_900_2025_52.38kwh-353kw-awd,Lynk & Co 900,2025,2025款 2.0T Ultra 6座,2025款; ДВС JLH-4G20TDC 187.0 кВт,1,PHEV,52.38,480,,,2810,4.6,,6,6,lynk_jlh-4g20tdc_2.0t,lynk_em-p_3dht,lynk_em-p,verified
lynk-co_900_2025_52.38kwh-463kw-awd,Lynk & Co 900,2025,2025款 2.0T 探索版 6座,2025款; ДВС JLH-4G20TDC 187.0 кВт,1,PHEV,52.38,630,,,2820,4.3,,6,6,lynk_jlh-4g20tdc_2.0t,lynk_em-p_3dht,lynk_em-p,verified
lynk-co_900_2026_1.5t-phev,Lynk & Co 900,2026,1.5T PHEV (44.85 kWh),2026款; ДВС JLM-4G15TD 140.0 кВт,3,PHEV,44.85,721,721,,2680,4.8,да,6,6,lynk_jlm-4g15td_1.5t,lynk_em-p_3dht,lynk_em-p,verified
lynk-co_900_2026_52.38kwh-353kw-awd,Lynk & Co 900,2026,2026款 2.0T Ultra 5座,2026款; ДВС JLH-4G20TDC 187.0 кВт,1,PHEV,52.38,480,,,2730,4.6,,0,0,lynk_jlh-4g20tdc_2.0t,lynk_em-p_3dht,lynk_em-p,verified
toyota_corolla-cross-cn_2023_83kw-m20g,"Toyota Corolla Cross Hybrid (Китай, 卡罗拉锐放双擎)",2023,2023款 2.0L 双擎 先锋版,2023款; 2.0 M20G 112.0 кВт + мотор 83 кВт,6,HEV,,152,,,1440-1485,,,0,1,toyota_m20g_2.0,toyota_ths5_ecvt,toyota_ths_5,verified
toyota_corolla-cross-cn_2024_83kw-m20g,"Toyota Corolla Cross Hybrid (Китай, 卡罗拉锐放双擎)",2024,2024款 2.0L 智能电混双擎 先锋版,2024款; 2.0 M20G 112.0 кВт + мотор 83 кВт,4,HEV,,152,,,1440-1485,,,5,6,toyota_m20g_2.0,toyota_ths5_ecvt,toyota_ths_5,verified
toyota_corolla-cross-cn_2026_83kw-m20g,"Toyota Corolla Cross Hybrid (Китай, 卡罗拉锐放双擎)",2026,2026款 2.0L 智能电混双擎 先锋版,2026款; 2.0 M20G 116.0 кВт + мотор 83 кВт,3,HEV,,158,,,1425-1435,,,5,6,toyota_m20g_2.0,toyota_ths5_ecvt,toyota_ths_5,verified
toyota_corolla-cross_2026_2.0-hev,Toyota Corolla Cross Hybrid,2026,"2.0 Hybrid FWD (5-е поколение THS, 197 л.с.)","2.0 Hybrid (5-е поколение THS), рынок официального дилера (не Китай)",0,HEV,,197,197,,1440-1505,7.7,да,5,6,toyota_m20a-fxs_2.0,toyota_ths5_ecvt,toyota_ths_5,partial
zeekr_001_2021_100kwh-200kw,Zeekr 001,2021,2021款 超长续航单电机 WE版,2021款 (запуск),1,BEV,100,272,,,,6.9,,0,0,,,,partial
zeekr_001_2021_100kwh-400kw-awd,Zeekr 001,2021,2021款 超长续航双电机 YOU版,2021款 (запуск),1,BEV,100,544,,,,3.8,,0,0,,,,partial
zeekr_001_2021_80kwh-400kw-awd,Zeekr 001,2021,2021款 长续航双电机 WE版,2021款 (запуск),1,BEV,80,544,,,,3.8,,0,0,,,,partial
zeekr_001_2022_100kwh-200kw,Zeekr 001,2022,2022款 超长续航单电机 WE版,2022款,1,BEV,100,272,,,2225,6.9,,0,0,,,,verified
zeekr_001_2022_100kwh-400kw-awd,Zeekr 001,2022,2022款 超长续航双电机 ME版,2022款,2,BEV,100,544,,,2350,3.8,,0,0,,,,verified
zeekr_001_2022_86kwh-400kw-awd,Zeekr 001,2022,2022款 长续航双电机 WE版,2022款,1,BEV,86,544,,,2290,3.8,,0,0,,,,verified
zeekr_001_2023_100kwh-200kw,Zeekr 001,2023,2023款 WE版 100kWh,2023款,1,BEV,100,272,,,2225,6.9,,0,0,,,,verified
zeekr_001_2023_100kwh-400kw-awd,Zeekr 001,2023,2023款 ME版 100kWh,2023款,2,BEV,100,544,,,2350,3.8,,0,0,,,,verified
zeekr_001_2023_100kwh-930kw-awd,Zeekr 001,2023,2023款 FR版,2023款,1,BEV,100,1264,,,2525,2.07,,0,0,,,,verified
zeekr_001_2023_140kwh-200kw,Zeekr 001,2023,2023款 WE版 140kWh 千里续航套装,2023款,1,BEV,140,272,,,2345,,,0,0,,,,verified
zeekr_001_2023_86kwh-400kw-awd,Zeekr 001,2023,2023款 WE版 86kWh,2023款,1,BEV,86,544,,,2290,3.8,,0,0,,,,verified
zeekr_001_2024_100kwh-310kw,Zeekr 001,2024,2024款 WE版 100kWh 后驱,2024款 (рестайлинг 2024),1,BEV,100,421,,,2285,5.9,,0,0,,,,verified
zeekr_001_2024_100kwh-580kw-awd,Zeekr 001,2024,2024款 ME版 100kWh 四驱,2024款 (рестайлинг 2024),2,BEV,100,789,,,2470,3.3,,0,0,,,,verified
zeekr_001_2024_95kwh-580kw-awd,Zeekr 001,2024,2024款 WE版 95kWh 四驱,2024款 (рестайлинг 2024),1,BEV,95,789,,,2575,3.5,,0,0,,,,verified
zeekr_001_2025_100kwh-310kw,Zeekr 001,2025,2025款 WE版 100kWh 后驱,2025款,1,BEV,100,421,,,2285,5.9,,5,5,,,,verified
zeekr_001_2025_100kwh-580kw-awd,Zeekr 001,2025,2025款 ME版 100kWh 四驱,2025款,2,BEV,100,789,,,2470,3.3,,6,6,,,,verified
zeekr_001_2025_95kwh-310kw,Zeekr 001,2025,2025款 WE版 95kWh 后驱,2025款,1,BEV,95,421,,,2385,6.3,,5,5,,,,verified
zeekr_001_2025_95kwh-580kw-awd,Zeekr 001,2025,2025款 WE版 95kWh 四驱,2025款,1,BEV,95,789,,,2575,3.5,,6,6,,,,verified
zeekr_001_2026_103kwh-370kw,Zeekr 001,2026,2026款 103度后驱 Max版,"2026款 (2026款, 103/95 kWh)",1,BEV,103,503,,,2235,4.98,,5,5,,,,verified
zeekr_001_2026_103kwh-awd,Zeekr 001,2026,103 kWh 四驱 (680 кВт),"2026款 (2026款, 103/95 kWh)",3,BEV,103,925,925,103.0,2350-2440,2.83-2.91,да,6,6,,,,verified
zeekr_001_2026_95kwh-680kw-awd,Zeekr 001,2026,2026款 95度四驱 Max版,"2026款 (2026款, 103/95 kWh)",1,BEV,95,925,,,2470,3.08,,5,5,,,,verified
zeekr_8x_2026_55kwh,Zeekr 8X,2026,55 kWh (2.0T + 660 кВт),2026款 (запуск 04.2026); ДВС DHE20-PFZ 2.0T 205 кВт,3,PHEV,55,897,898,55.0,2730,3.7,да,6,6,zeekr_dhe20-pfz_2.0t,zeekr_sep_1dht,zeekr_sep,verified
zeekr_8x_2026_70kwh-1030kw-awd,Zeekr 8X,2026,2026款 曜影 70kWh,2026款 (запуск 04.2026); ДВС DHE20-PFZ 2.0T 205 кВт,1,PHEV,70,1400,,,2730,2.96,,6,6,zeekr_dhe20-pfz_2.0t,zeekr_sep_1dht,zeekr_sep,verified
zeekr_8x_2026_70kwh-660kw-awd,Zeekr 8X,2026,2026款 Max版 70kWh,2026款 (запуск 04.2026); ДВС DHE20-PFZ 2.0T 205 кВт,3,PHEV,70,897,,,2790-2820,3.7,,6,6,zeekr_dhe20-pfz_2.0t,zeekr_sep_1dht,zeekr_sep,verified
zeekr_x_2023_66kwh-200kw,Zeekr X,2023,2023款 后驱ME版 5座,2023款 дорестайлинг; SEA2,2,BEV,66,272,,,1840-1885,,,0,0,,,,verified
zeekr_x_2023_66kwh-315kw-awd,Zeekr X,2023,2023款 四驱YOU版 5座,2023款 дорестайлинг; SEA2,2,BEV,66,428,,,1945-1990,,,0,0,,,,verified
zeekr_x_2024_66kwh-200kw,Zeekr X,2024,2024款 四座后驱版,2024款 дорестайлинг; SEA2,1,BEV,66,272,,,1885,5.8,,2,2,,,,verified
zeekr_x_2024_66kwh-315kw-awd,Zeekr X,2024,2024款 五座四驱版,2024款 дорестайлинг; SEA2,2,BEV,66,428,,,1945-1990,3.7-3.8,,2,2,,,,verified
zeekr_x_2025_49kwh-200kw,Zeekr X,2025,2025款 五座后驱版,2025款 дорестайлинг; SEA2,1,BEV,49,272,,,1860,5.8,,6,6,,,,verified
zeekr_x_2025_66kwh-315kw-awd,Zeekr X,2025,2025款 五座四驱运动版,2025款 дорестайлинг; SEA2,2,BEV,66,428,,,1945-1990,3.7-3.8,,6,6,,,,verified
zeekr_x_2026_61.47kwh-250kw,Zeekr X,2026,2026款 Max五座版,2026款 рестайлинг (с 11.2025); SEA2,2,BEV,61.47,340,,,1965,5.6,,2,2,,,,verified
zeekr_x_2026_66kwh-365kw-awd,Zeekr X,2026,2026款 Ultra五座版,2026款 рестайлинг (с 11.2025); SEA2,1,BEV,66,496,,,1940,3.69,,2,2,,,,verified
zeekr_x_2026_rwd-200kw,Zeekr X,2025,"RWD Long Range (200 кВт, NCM 66/69 kWh)",2025款 дорестайлинг; SEA2,2,BEV,66,272,272,69.0,1850-1885,5.8,да,6,6,,,,partial
