make,lines,years,doc_type,title,url,http_status,bytes,sha256,retrieved_at,path,status,note
audi,a3;a4;a5;a6;q3;q5;q7,2017,warranty_maintenance,"USA Audi WARR 2017 EN (USA_Audi_MY17_WM_allmodel_8V1012723SG_EN_3ed.pdf, edition 3) - Audi USA Warranty and Maintenance booklet; listed for A3 Cabriolet (model code 8VE)",https://ownersliterature.vw.com/owners-literature-service/v1/document/03c10480-8415-4cc9-8a7f-5e2562a8b197,200,3967409,6957cfb0744a8217ae469d6c942fbf42b6a86fdaaaff9092ccb6d88bb464fa8e,2026-10-02T10:26:53+00:00,official/audi/ownersliterature.vw.com/03c10480-8415-4cc9-8a7f-5e2562a8b197.bin,ok,
audi,a4;a5;a6;q5;q7,2014,warranty_maintenance,"USA AUDI WARR 2014 EN (USA_Audi_MY14_WM_143.563.8MW.23_EN.pdf, edition 3) - Audi USA Warranty and Maintenance booklet; listed for A4 Sedan, S4 Sedan (model code 8K2)",https://ownersliterature.vw.com/owners-literature-service/v1/document/1528447a-ebed-44a0-8753-f1a9d185f7c9,200,4005956,99101ff0acab47574c427fbf72077aee5aa7b73bb63c898b1a9169b76260d4dc,2026-10-02T10:27:24+00:00,official/audi/ownersliterature.vw.com/1528447a-ebed-44a0-8753-f1a9d185f7c9.bin,ok,
audi,a3;a4;a5;a6;q3;q5;q7,2019,warranty_maintenance,"USA AUDI WARR 2019 EN (USA_Audi_MY19_WM_allmodel_8V1012723SL_EN.pdf, edition 2) - Audi USA Warranty and Maintenance booklet; listed for A3 Cabriolet (model code 8VE)",https://ownersliterature.vw.com/owners-literature-service/v1/document/15eeee43-1570-44af-8be7-add9f2eee99d,200,182955,0bf7a4aac0d93796446691b1fe36c8e0c07b7c534447d2e7347881257f4cca59,2026-10-02T10:27:28+00:00,official/audi/ownersliterature.vw.com/15eeee43-1570-44af-8be7-add9f2eee99d.bin,ok,
audi,a3;a4;a5;a6;q3;q5;q7,2025,maintenance_guide,"2025 Audi Maintenance Card (en-US-A-USA5R515221_2025_Audi_Maintenance_Schedules_03_11_25_Good_.pdf, edition 1) - Audi USA Maintenance schedule card; listed for A3   , A3 Sedan, RS 3, S3 Sedan (model c",https://ownersliterature.vw.com/owners-literature-service/v1/document/1ac1b327-7f16-4943-b2f9-fea42fcc5a50,200,119847,d298151b4839ab580ab27a63b7ce6170f5b0b78578917471db9cd6e74380223d,2026-10-02T10:27:33+00:00,official/audi/ownersliterature.vw.com/1ac1b327-7f16-4943-b2f9-fea42fcc5a50.bin,ok,
audi,a4;a5;a6;q3;q5;q7,2021,maintenance_guide,"2021 Audi Maintenance Card (en-US-A-USA5R514121_2021_Audi_Maintenance Schedules.pdf, edition 1) - Audi USA Maintenance schedule card; listed for A4 allroad (model code 8WJ)",https://ownersliterature.vw.com/owners-literature-service/v1/document/39380391-c9a5-4eb6-9a87-d210a24fb8ab,200,163850,8e9a95d4a0335c39db76b5e13328c95bf895e0f7067264943063dbb9a953e520,2026-10-02T10:27:39+00:00,official/audi/ownersliterature.vw.com/39380391-c9a5-4eb6-9a87-d210a24fb8ab.bin,ok,
audi,a3;a4;a5;a6;q3;q5,2016,maintenance_guide,"2016 Audi Maintenance Card (en-US-A-USA5R052621_2016_Maintenance Schedules.pdf, edition 1) - Audi USA Maintenance schedule card; listed for A3 Cabriolet (model code 8V7)",https://ownersliterature.vw.com/owners-literature-service/v1/document/4183110b-6f7a-4025-8f0f-1e3dd0227dab,200,120924,24940c3374330be6c9acce22f3eacdb6e7fdfec47deb371acda1d7cc0dc2d27a,2026-10-02T10:27:43+00:00,official/audi/ownersliterature.vw.com/4183110b-6f7a-4025-8f0f-1e3dd0227dab.bin,ok,
audi,a3;a5;a6;q3;q7,2026,maintenance_guide,"2026 Audi Maintenance Card (en-US-A-USA5R515221_2026_Audi_Maintenance_Card.pdf, edition 1) - Audi USA Maintenance schedule card; listed for A3, RS 3, S3 Sedan (model code 8YM)",https://ownersliterature.vw.com/owners-literature-service/v1/document/48f34af1-bcd3-497e-9722-2f07ce2a1ee6,200,116091,4ca376ce46504c88336320a7b26e450ba8574c74f94998527b732cec9be63339,2026-10-02T10:27:48+00:00,official/audi/ownersliterature.vw.com/48f34af1-bcd3-497e-9722-2f07ce2a1ee6.bin,ok,
audi,a3;a4;a5;a6;q3;q5,2024,maintenance_guide,"2024 Audi Maintenance Card (en-US-A-USA5R515021_2024_Audi_Maintenance_Card.pdf, edition 1) - Audi USA Maintenance schedule card; listed for A3 Sedan, RS 3, S3 Sedan (model code 8YS)",https://ownersliterature.vw.com/owners-literature-service/v1/document/5543f60e-507f-4dcc-8ccb-02269207b557,200,116137,05b337df5292eab9ef87a77810384094ce79570589c1fa131629392116aff136,2026-10-02T10:27:57+00:00,official/audi/ownersliterature.vw.com/5543f60e-507f-4dcc-8ccb-02269207b557.bin,ok,
audi,a3;a4;a5;a6;q3;q5;q7,2018,warranty_maintenance,"US Audi WARR 2018 (USA_Audi_MY18_WM_allmodel_8V1012723SJ_EN.pdf, edition 3) - Audi USA Warranty and Maintenance booklet; listed for A3 Cabriolet (model code 8VE)",https://ownersliterature.vw.com/owners-literature-service/v1/document/567e24ea-3c93-4d4f-aa4d-ba9adf4b896c,200,901183,288fe0d4eb0a293c044f08fd9ba6566296eb3dddb9748400037bac930f26eed6,2026-10-02T10:28:12+00:00,official/audi/ownersliterature.vw.com/567e24ea-3c93-4d4f-aa4d-ba9adf4b896c.bin,ok,
audi,a3;a4;a5;a6;q3;q5;q7,2019,maintenance_guide,"2019 Audi Maintenance Card (en-US-A-USA5R514721_2019_Audi_Maintenance_Schedules.pdf, edition 1) - Audi USA Maintenance schedule card; listed for A3 Cabriolet (model code 8VE)",https://ownersliterature.vw.com/owners-literature-service/v1/document/5ba144b8-897a-4354-bc5b-db78199c2d7d,200,112483,75df34942cedc7add0e3d3da914427c3667fa49c602c60cae32d3bee82f284f9,2026-10-02T10:28:18+00:00,official/audi/ownersliterature.vw.com/5ba144b8-897a-4354-bc5b-db78199c2d7d.bin,ok,
audi,a3;a4;a5;a6;q3;q5;q7,2024,warranty_maintenance,"US AUDIWM M24 EN (USA_Audi_MY24_WM_ALLM_8V1012723TI_1ED_ENG.pdf, edition 1) - Audi USA Warranty and Maintenance booklet; listed for A3 Sedan, RS 3, S3 Sedan (model code 8YS)",https://ownersliterature.vw.com/owners-literature-service/v1/document/5f8087f1-8581-4d69-82f1-694e072daf15,200,361333,61c10c45e88efdea6c4c0beca07fe12155950070c18b21f0779ce5c9b101b44d,2026-10-02T10:28:24+00:00,official/audi/ownersliterature.vw.com/5f8087f1-8581-4d69-82f1-694e072daf15.bin,ok,
audi,a3;a4;a5;a6;q3;q5;q7,2020,warranty_maintenance,"US Audi WARR 2020 (USA_Audi_MY20_WM_allmodel_8V1012723SR_EN.pdf, edition 4) - Audi USA Warranty and Maintenance booklet; listed for A3 Sedan, RS 3 Sedan, S3 Sedan (model code 8VM)",https://ownersliterature.vw.com/owners-literature-service/v1/document/7d9f2a5f-b059-4e60-a495-346faa3e6f2e,200,297854,76017f8c5e27df54de86e17c4d6d6814663d9ddc080c90810a2bb6477abd752d,2026-10-02T10:28:30+00:00,official/audi/ownersliterature.vw.com/7d9f2a5f-b059-4e60-a495-346faa3e6f2e.bin,ok,
audi,a3;a4;a5;a6;q3;q5;q7,2020,maintenance_guide,"2020 Audi Maintenance Card (en-US-A-USA5R513921_2020_Audi_Maintenance Schedules.pdf, edition 1) - Audi USA Maintenance schedule card; listed for A3 Sedan, RS 3 Sedan, S3 Sedan (model code 8VM)",https://ownersliterature.vw.com/owners-literature-service/v1/document/8428577e-72a7-478c-b5da-ff8e61d284be,200,160950,7c4a3426a76936aca7132c6aa02b54779844ca13c3e4f23e17cf01b9ba263366,2026-10-02T10:28:36+00:00,official/audi/ownersliterature.vw.com/8428577e-72a7-478c-b5da-ff8e61d284be.bin,ok,
audi,a3;a4;a5;a6;q3;q5;q7,2018,maintenance_guide,"2018 Audi Maintenance Card (en-US-A-USA5R514421_2018_Audi_Maintenance_Card.pdf, edition 1) - Audi USA Maintenance schedule card; listed for A3 Cabriolet (model code 8VE)",https://ownersliterature.vw.com/owners-literature-service/v1/document/87926a0a-6b66-4e0a-ae49-917b53b29e12,200,118749,fccc3b257126759d9679c76577bcce84f291e9737f980aff873edc25e5b597d1,2026-10-02T10:28:40+00:00,official/audi/ownersliterature.vw.com/87926a0a-6b66-4e0a-ae49-917b53b29e12.bin,ok,
audi,a4;a5;a6;q3;q5;q7,2021,warranty_maintenance,"US Audi Warranty 2021 (USA_Audi_MY21_WM_allmodel_8V1012723SW_EN.pdf, edition 2) - Audi USA Warranty and Maintenance booklet; listed for A4 allroad (model code 8WJ)",https://ownersliterature.vw.com/owners-literature-service/v1/document/8c8c0ce0-0d22-4b65-a648-92ab7c4323fd,200,235793,051d2dfdaeb9798a0e1cb37c7991e85075e69bb78155701272d858c1eaa84ac3,2026-10-02T10:28:47+00:00,official/audi/ownersliterature.vw.com/8c8c0ce0-0d22-4b65-a648-92ab7c4323fd.bin,ok,
audi,a3;a5;a6;q3;q5;q7,2026,warranty_maintenance,"Audi US MY 26 GAS Warr ENG  (USA_Audi_MY26_GAS_WM_8V1012723TT_Final_UPG_ENG.pdf, edition 2) - Audi USA Warranty and Maintenance booklet; listed for A3, RS 3, S3 Sedan (model code 8YM)",https://ownersliterature.vw.com/owners-literature-service/v1/document/948adf8c-86eb-4276-a762-83b2679d73f7,200,326642,c7fdbef9931f9b158662bb4958d788df5e1892438284dc8be9233e31fe68abe5,2026-10-02T10:28:54+00:00,official/audi/ownersliterature.vw.com/948adf8c-86eb-4276-a762-83b2679d73f7.bin,ok,
audi,a3;a4;a5;a6;q3;q5;q7,2022,maintenance_guide,"2022 Audi Maintenance Card (en-US-A-USA5R514221_2022_Audi_Maintenance Schedules.pdf, edition 1) - Audi USA Maintenance schedule card; listed for A3 Sedan, RS 3, S3 Sedan (model code 8YS)",https://ownersliterature.vw.com/owners-literature-service/v1/document/9b5998d7-f0f4-4438-8e5c-967b77a55043,200,174831,af4ec72a8d857e8b094b8557571e74284cfd447b6f7b72b91950b54ad2e01c29,2026-10-02T10:28:59+00:00,official/audi/ownersliterature.vw.com/9b5998d7-f0f4-4438-8e5c-967b77a55043.bin,ok,
audi,a3;a4;a5;a6;q3;q5;q7,2025,warranty_maintenance,"Audi MY25 WM US ENG 3rd ED (USA_Audi_MY25_GAS_WM_8V1012723TN_3rdED.pdf, edition 3) - Audi USA Warranty and Maintenance booklet; listed for A3   , A3 Sedan, RS 3, S3 Sedan (model code 8YM)",https://ownersliterature.vw.com/owners-literature-service/v1/document/adc97e3b-51bf-4e28-8a50-3d84b6e23459,200,385301,6ba5998288755c64aa1538aba409664c286315ffe71c63afdc5de45d1c89abd0,2026-10-02T10:29:04+00:00,official/audi/ownersliterature.vw.com/adc97e3b-51bf-4e28-8a50-3d84b6e23459.bin,ok,
audi,a3;a4;a5;a6;q3;q5;q7,2017,maintenance_guide,"2017 Audi Maintenance Card (en-US-A-USA5R513721_2017_Audi_Maintenance Card.pdf, edition 1) - Audi USA Maintenance schedule card; listed for A3 Cabriolet (model code 8VE)",https://ownersliterature.vw.com/owners-literature-service/v1/document/b869b84b-4b5c-41cd-a248-552e187511f7,200,121365,58835dd3a76131694dac3e870e89126e423c5655c1be3c34cb5ce2fe3964a8bb,2026-10-02T10:29:11+00:00,official/audi/ownersliterature.vw.com/b869b84b-4b5c-41cd-a248-552e187511f7.bin,ok,
audi,a3;a4;a5;a6;q3;q5,2016,warranty_maintenance,"US Audi WARR 2016 (USA_Audi_MY16_WM_allmodel_8V1012723SC_EN.pdf, edition 4) - Audi USA Warranty and Maintenance booklet; listed for A3 Cabriolet (model code 8V7)",https://ownersliterature.vw.com/owners-literature-service/v1/document/cadb4e1f-b8cb-4d93-a8a8-4ef36a03afc1,200,4057149,4a19b984619347e07b2be80a9843b83d795a3472ad8bac6b28a2adf4e5d5b6e7,2026-10-02T10:29:20+00:00,official/audi/ownersliterature.vw.com/cadb4e1f-b8cb-4d93-a8a8-4ef36a03afc1.bin,ok,
audi,a4;a5;a6;q5;q7,2014,maintenance_guide,"2014 Audi Maintenance Card (en-US-A-USA5R505421_2014_Audi_Maintenance Schedules.pdf, edition 1) - Audi USA Maintenance schedule card; listed for A4 Sedan, S4 Sedan (model code 8K2)",https://ownersliterature.vw.com/owners-literature-service/v1/document/cc532312-fec4-42c4-a5f5-afb2df4917e4,200,118043,273bdccb12b055f55a0189e3e28dd9117b5f06f87b3d45e665946b5f5ca02623,2026-10-02T10:29:23+00:00,official/audi/ownersliterature.vw.com/cc532312-fec4-42c4-a5f5-afb2df4917e4.bin,ok,
audi,a3;a4;a5;a6;q3;q5;q7,2023,maintenance_guide,"2023 Audi Maintenance Card (en-US-A-USA5R515121_2023_Audi_Maintenance_Card.pdf, edition 1) - Audi USA Maintenance schedule card; listed for A3 Sedan, RS 3, S3 Sedan (model code 8YS)",https://ownersliterature.vw.com/owners-literature-service/v1/document/cfab3096-6770-4dac-828c-5523a4c6feb6,200,121741,5ea714bc8dde47c3009fae9f3346aec9011a6d496b620b2465e654610aa47875,2026-10-02T10:29:30+00:00,official/audi/ownersliterature.vw.com/cfab3096-6770-4dac-828c-5523a4c6feb6.bin,ok,
audi,a3;a4;a5;a6;q3;q5;q7,2023,warranty_maintenance,"USA AUDI ALLM WARR 3RDED MY23 EN (USA_AUDI_MY23_WM_ALLMODEL_8V1012723TG_3ED_EN.pdf, edition 3) - Audi USA Warranty and Maintenance booklet; listed for A3 Sedan, RS 3, S3 Sedan (model code 8YS)",https://ownersliterature.vw.com/owners-literature-service/v1/document/d6fb3a36-4c6e-45c1-9cf9-ce828b9a44d8,200,319040,daf0cfe36991da320c0a05237988f83d1ea0a2afbc84556db3de0a69176f679b,2026-10-02T10:29:35+00:00,official/audi/ownersliterature.vw.com/d6fb3a36-4c6e-45c1-9cf9-ce828b9a44d8.bin,ok,
audi,a3;a4;a5;q3;q5;q7,2015,warranty_maintenance,"USA AUDI WARR 2015 EN (USA_Audi_MY15_WM_allmodel_153.563.8MW.23_EN.pdf, edition 3) - Audi USA Warranty and Maintenance booklet; listed for A3 Cabriolet (model code 8V7)",https://ownersliterature.vw.com/owners-literature-service/v1/document/e093202b-b561-4be1-a062-c80728b9a7a9,200,4014864,4fdd64ff441a77774f89c676be1a6ac5dfa116694d9ac859806f47e93d0e667f,2026-10-02T10:29:43+00:00,official/audi/ownersliterature.vw.com/e093202b-b561-4be1-a062-c80728b9a7a9.bin,ok,
audi,a3;a4;a5;a6;q3;q5;q7,2022,warranty_maintenance,"USA AUDI GAS WARR MY2022 EN (USA_Audi_MY22_gasmodel_2ndED_8V1012723TB_EN.pdf, edition 2) - Audi USA Warranty and Maintenance booklet; listed for A3 Sedan, RS 3, S3 Sedan (model code 8YS)",https://ownersliterature.vw.com/owners-literature-service/v1/document/e2efa6cd-1160-4c01-b60d-72d45b1cc61d,200,211015,69bce49f39fd19c655f67f3a2eae6bccc3d753fb11478b8c198fbf16386047f6,2026-10-02T10:29:48+00:00,official/audi/ownersliterature.vw.com/e2efa6cd-1160-4c01-b60d-72d45b1cc61d.bin,ok,
audi,a3;a4;a5;a6;q3;q5;q7,2015,maintenance_guide,"2015 Audi Maintenance Card (en-US-A-USA5R513521_2015_Audi_Maintenance Schedules.pdf, edition 1) - Audi USA Maintenance schedule card; listed for A3 Cabriolet (model code 8V7)",https://ownersliterature.vw.com/owners-literature-service/v1/document/e6db4235-395c-41e9-812a-ab4d094061f4,200,118417,8acfa3e1045b60d403348e7a1dbb4f24b756b3b61bd144095864f56ea3f2962a,2026-10-02T10:29:55+00:00,official/audi/ownersliterature.vw.com/e6db4235-395c-41e9-812a-ab4d094061f4.bin,ok,
volkswagen,jetta;passat;tiguan;touareg,2014,maintenance_guide,"2014 VW Maintenance Card (en-US-V-USA5R505521_2014_VW_Maintenance_Card.pdf, edition 1) - Maintenance card; queried with model code 162",https://ownersliterature.vw.com/owners-literature-service/v1/document/033ff2d5-58e3-4663-97cf-1bbdb864258d,200,73194,fc0f5530ca572367e8e2ad38e0fc4eec02cc88e4e9c1e9187e9d3e75a6c91bc0,2026-10-02T10:29:58+00:00,official/volkswagen/ownersliterature.vw.com/033ff2d5-58e3-4663-97cf-1bbdb864258d.bin,ok,
volkswagen,passat;tiguan,2014,warranty_maintenance,"USA VW WARR EN (USA_VW_MY14_WM_143.5U3.WAR.23_EN.pdf, edition 2) - Warranty and Maintenance booklet; queried with model code A32",https://ownersliterature.vw.com/owners-literature-service/v1/document/086c39ed-801a-48e7-85d3-3777d38e04eb,200,787885,9e021005b21e56c54e1504bb0c71ce2cbde7434bb90089a563a66e852f3886f1,2026-10-02T10:30:09+00:00,official/volkswagen/ownersliterature.vw.com/086c39ed-801a-48e7-85d3-3777d38e04eb.bin,ok,
volkswagen,arteon;atlas;jetta;tiguan,2024,warranty_maintenance,"USA VW ALLM WM 2nd ED MY24 EN (USA_VW_MY24_WM_ALLMODEL_24VWGASWMUSENCB_2NDEd_EN.pdf, edition 2) - Warranty and Maintenance booklet; queried with model code 3H8",https://ownersliterature.vw.com/owners-literature-service/v1/document/11025511-673f-445a-a6a5-20b5f3e5cc59,200,1682392,4942fa2fe5777a7afac51f5ff255786a3b4bd6edb5cb9467e00ee6f414bf651c,2026-10-02T10:30:22+00:00,official/volkswagen/ownersliterature.vw.com/11025511-673f-445a-a6a5-20b5f3e5cc59.bin,ok,
volkswagen,arteon;atlas;jetta;tiguan,2024,maintenance_guide,"2024 VW Maintenance Card (en-US-V-USA5R505721_2024_VW_Maintenance_Card.pdf, edition 1) - Maintenance card; queried with model code 3H8",https://ownersliterature.vw.com/owners-literature-service/v1/document/2721b3eb-0228-4be4-94d6-0b8e24dbf74c,200,72712,5aef8ee270fa38eb10d0f749234ca705d0285a837d96e4659413e313d9daa454,2026-10-02T10:30:29+00:00,official/volkswagen/ownersliterature.vw.com/2721b3eb-0228-4be4-94d6-0b8e24dbf74c.bin,ok,
volkswagen,jetta,2014,warranty_maintenance,"USA VW WARR 2014 EN (USA_VW_MY14_WM_142.5U3.WTM_23_EN.pdf, edition 2) - Warranty and Maintenance booklet; queried with model code 162",https://ownersliterature.vw.com/owners-literature-service/v1/document/2a6558ea-6283-447c-8e07-aa8a7458eb75,200,323723,41697ffbff04545492fab4d8c9c60440e285402a3a01fec265b8525492c62096,2026-10-02T10:30:33+00:00,official/volkswagen/ownersliterature.vw.com/2a6558ea-6283-447c-8e07-aa8a7458eb75.bin,ok,
volkswagen,arteon;atlas;jetta;passat;tiguan,2020,maintenance_guide,"2020 VW Maintenance Card (en-US-V-USA5R507621_2020_VW_Maintenance_Card.pdf, edition 1) - Maintenance card; queried with model code 3H7",https://ownersliterature.vw.com/owners-literature-service/v1/document/3d28a878-048b-4a7c-8afe-faa81cea6919,200,78634,fbbbf12d9625edd48a30c1ab8ce5c95448894ff71f75efa1daaf33f4fe4b7618,2026-10-02T10:30:37+00:00,official/volkswagen/ownersliterature.vw.com/3d28a878-048b-4a7c-8afe-faa81cea6919.bin,ok,
volkswagen,jetta,2015,warranty_maintenance,"USA VW WARR 2015 EN (USA_VW_MY15_WM_152.5U3.WTM.23_EN.pdf, edition 2) - Warranty and Maintenance booklet; queried with model code 163",https://ownersliterature.vw.com/owners-literature-service/v1/document/42b61ff6-2740-4374-bb0d-ca7dc9c11977,200,332775,f6f768140b6e7e79f21383965df1191e51c03d2942063cf6f9ff4d1b53af64c3,2026-10-02T10:30:43+00:00,official/volkswagen/ownersliterature.vw.com/42b61ff6-2740-4374-bb0d-ca7dc9c11977.bin,ok,
volkswagen,arteon;atlas;jetta;tiguan,2023,warranty_maintenance,"USA VW GAS WM MY2023 EN (USA_VW_MY23_WM_ALLMODEL_23VWGASWMUSENCA_EN.pdf, edition 1) - Warranty and Maintenance booklet; queried with model code 3H8",https://ownersliterature.vw.com/owners-literature-service/v1/document/6cad4529-5e38-40ed-9050-df5c32982647,200,1662715,a5c0036d2d7d56133c386c8cf05221f7ebfc88bb157056245cfb8ff402527301,2026-10-02T10:30:48+00:00,official/volkswagen/ownersliterature.vw.com/6cad4529-5e38-40ed-9050-df5c32982647.bin,ok,
volkswagen,atlas;jetta;tiguan,2025,maintenance_guide,"2025 VW Maintenance Card (en-US-V-USA5R701521_2025_VW_Maintenance_Card.pdf, edition 1) - Maintenance card; queried with model code CA3",https://ownersliterature.vw.com/owners-literature-service/v1/document/760f5f9a-0290-4dfe-adf0-30d03981a9ad,200,69783,9b0f203dfab8136d273ea08478c2cd861c5b79ff25b805541b8d9d19a1e6e58a,2026-10-02T10:30:55+00:00,official/volkswagen/ownersliterature.vw.com/760f5f9a-0290-4dfe-adf0-30d03981a9ad.bin,ok,
volkswagen,atlas;jetta;passat;tiguan,2018,warranty_maintenance,"USA VW WARR MY2018 EN (USA_VW_MY18_WM_allmodel_5N0012723SF_EN_3ed.pdf, edition 3) - Warranty and Maintenance booklet; queried with model code CA1",https://ownersliterature.vw.com/owners-literature-service/v1/document/772caca1-c6fc-4188-bbd5-db307f067026,200,1598620,f1e7d84d5b4f96ef8ac9a9fc40dd150a30052c6af0240aad83a270c0d9b2aa73,2026-10-02T10:31:02+00:00,official/volkswagen/ownersliterature.vw.com/772caca1-c6fc-4188-bbd5-db307f067026.bin,ok,
volkswagen,arteon;atlas;jetta;passat;tiguan,2022,maintenance_guide,"2022 VW Maintenance Card (en-US-V-USA5R507921_2022_VW_Maintenance_Card.pdf, edition 1) - Maintenance card; queried with model code 3H8",https://ownersliterature.vw.com/owners-literature-service/v1/document/7902c126-ce9f-44ea-842e-754effc6d27c,200,77208,e3ca5a57cdde711b244ce958a63befcbfd48378441ea5ea4aef36b503ebdf961,2026-10-02T10:31:06+00:00,official/volkswagen/ownersliterature.vw.com/7902c126-ce9f-44ea-842e-754effc6d27c.bin,ok,
volkswagen,jetta;passat;tiguan;touareg,2017,maintenance_guide,"2017 VW Maintenance Card (en-US-V-USA5R506721_2017_VW_Maintenance_Card.pdf, edition 1) - Maintenance card; queried with model code 163",https://ownersliterature.vw.com/owners-literature-service/v1/document/79833ead-258d-4acf-ba6a-5be91876f4d2,200,81038,edf1f2a4ed7825791cee3931caefa0d60b69d3fa40615ae65566e8f3c33cc2f6,2026-10-02T10:31:11+00:00,official/volkswagen/ownersliterature.vw.com/79833ead-258d-4acf-ba6a-5be91876f4d2.bin,ok,
volkswagen,jetta;passat;tiguan;touareg,2017,warranty_maintenance,"USA VW WARR MY 2017 EN (USA_VW_MY17_WM_5N0012723SD_EN_3ED.pdf, edition 3) - Warranty and Maintenance booklet; queried with model code 163",https://ownersliterature.vw.com/owners-literature-service/v1/document/7d12d933-8359-4cfe-97b9-c498b723723a,200,1975419,7c6e77a426a6dfb6d4fddb66c2ba101600388ac78c8144a5e40dd9ad62c39ed8,2026-10-02T10:31:17+00:00,official/volkswagen/ownersliterature.vw.com/7d12d933-8359-4cfe-97b9-c498b723723a.bin,ok,
volkswagen,arteon;atlas;jetta;tiguan,2023,maintenance_guide,"2023 VW Maintenance Card (en-US-V-USA5R507521_2023_VW_Maintenance_Card.pdf, edition 1) - Maintenance card; queried with model code 3H8",https://ownersliterature.vw.com/owners-literature-service/v1/document/7f3ce02f-ee20-4e97-8747-fb18f14b9b66,200,74185,a180916af060d3abe0b79bd574ffa568641ffb38b96777b00e440efa33c85969,2026-10-02T10:31:23+00:00,official/volkswagen/ownersliterature.vw.com/7f3ce02f-ee20-4e97-8747-fb18f14b9b66.bin,ok,
volkswagen,atlas;jetta;tiguan,2025,warranty_maintenance,"MY25 VW WM GAS US ENG V3 (USA_VW_MY25_WM_25VWGASWMUSENV3_ENG_UPG.pdf, edition 3) - Warranty and Maintenance booklet; queried with model code CA3",https://ownersliterature.vw.com/owners-literature-service/v1/document/8572c52a-5799-417f-a15c-315ca87494f3,200,1674311,b7ce084dd77052ce59cf558f005b13e3dbc89be08d8f2fd55a7efa05bb0b88cf,2026-10-02T10:31:29+00:00,official/volkswagen/ownersliterature.vw.com/8572c52a-5799-417f-a15c-315ca87494f3.bin,ok,
volkswagen,arteon;atlas;jetta;passat;tiguan,2021,maintenance_guide,"2021 VW Maintenance Card (en-US-V-USA5R507821_2021_VW_Maintenance_Card.pdf, edition 1) - Maintenance card; queried with model code 3H8",https://ownersliterature.vw.com/owners-literature-service/v1/document/b84f4eef-af10-494e-9115-309968da22d7,200,76720,5b9100d78628b14a5d9b770853802da7518d6594fde03ab164ff8f0ab59fec44,2026-10-02T10:31:36+00:00,official/volkswagen/ownersliterature.vw.com/b84f4eef-af10-494e-9115-309968da22d7.bin,ok,
volkswagen,jetta;passat;tiguan;touareg,2016,maintenance_guide,"2016 VW Maintenance Card (en-US-V-USA5R506521_2016_VW_Maintenance_Card.pdf, edition 1) - Maintenance card; queried with model code 163",https://ownersliterature.vw.com/owners-literature-service/v1/document/ceab8882-749e-4dda-ba29-a7af0f418d43,200,84647,e978552b37d39bd3066411a9ac193ac17d32046dd4dd5c322f7212b69d1b5bc8,2026-10-02T10:31:40+00:00,official/volkswagen/ownersliterature.vw.com/ceab8882-749e-4dda-ba29-a7af0f418d43.bin,ok,
volkswagen,atlas;jetta;passat;tiguan,2018,maintenance_guide,"2018 VW Maintenance Card (en-US-V-USA5R507221_2018_VW_Maintenance_Card.pdf, edition 1) - Maintenance card; queried with model code CA1",https://ownersliterature.vw.com/owners-literature-service/v1/document/ceacbe76-21f0-44a9-977e-74ce3a9ff0b3,200,79705,dfc17fb67d807e0e315a060904371e65306dcaea677026f74badaf306b125f68,2026-10-02T10:31:44+00:00,official/volkswagen/ownersliterature.vw.com/ceacbe76-21f0-44a9-977e-74ce3a9ff0b3.bin,ok,
volkswagen,atlas;jetta;tiguan,2026,maintenance_guide,"2026 VW Maintenance Card (en-US-V-USA5R506821_2026_VW_Maintenance_Card.pdf, edition 1) - Maintenance card; queried with model code CA3",https://ownersliterature.vw.com/owners-literature-service/v1/document/d063309f-f793-4d23-8799-a4ff5ffb3850,200,72108,8b831fd4f4126c850b4917301030ed93855089cd0e5ef0b05ac4347af8eb1492,2026-10-02T10:31:49+00:00,official/volkswagen/ownersliterature.vw.com/d063309f-f793-4d23-8799-a4ff5ffb3850.bin,ok,
volkswagen,arteon;atlas;jetta;passat;tiguan,2020,warranty_maintenance,"USA VW WARR MY2020 EN (USA_VW_MY20_WM_allmodel_5NA012723GB_EN_3ed.pdf, edition 3) - Warranty and Maintenance booklet; queried with model code 3H7",https://ownersliterature.vw.com/owners-literature-service/v1/document/d1890228-c488-4506-8a6b-625f87d30fc0,200,1577535,86221a9848c6a29a7207578e800121def436acff6fa02df45ba7dfb48bac3260,2026-10-02T10:31:56+00:00,official/volkswagen/ownersliterature.vw.com/d1890228-c488-4506-8a6b-625f87d30fc0.bin,ok,
volkswagen,atlas;jetta;tiguan,2026,warranty_maintenance,"MY26 VW WARR USA EN V4 (USA_VW_MY26_WM_26VWGASWMUSENV4_ENG_Final_UPGUpload.pdf, edition 4) - Warranty and Maintenance booklet; queried with model code CA3",https://ownersliterature.vw.com/owners-literature-service/v1/document/d34b47ec-bc90-493f-843c-91b0a787c4ed,200,1709035,5693a23f10649734f015e9ad56edc6521240aa3a7d946b4455451875b5550e16,2026-10-02T10:32:02+00:00,official/volkswagen/ownersliterature.vw.com/d34b47ec-bc90-493f-843c-91b0a787c4ed.bin,ok,
volkswagen,jetta;passat;tiguan;touareg,2016,warranty_maintenance,"USA VW WARR 2016 EN (USA_VW_MY16_WM_5N0012723SB_EN_3rdED.pdf, edition 3) - Warranty and Maintenance booklet; queried with model code 163",https://ownersliterature.vw.com/owners-literature-service/v1/document/d3a466d8-9831-4962-9042-7c734423cec7,200,927659,37b02efb73c6f82b3f9bdfd768f6b499acdb9cbf3c2d275d0535add88271b7a2,2026-10-02T10:32:09+00:00,official/volkswagen/ownersliterature.vw.com/d3a466d8-9831-4962-9042-7c734423cec7.bin,ok,
volkswagen,arteon;atlas;jetta;passat;tiguan,2019,maintenance_guide,"2019 VW Maintenance Card (en-US-V-USA5R507421_2019_VW_Maintenance_Card.pdf, edition 1) - Maintenance card; queried with model code 3H7",https://ownersliterature.vw.com/owners-literature-service/v1/document/dc4d245a-d485-4782-9408-e67bb42236e2,200,79812,db3b7605f2aea0edae7efbf91bc69e1ee5bde1045b22b55a3ea8e846665c05cb,2026-10-02T10:32:17+00:00,official/volkswagen/ownersliterature.vw.com/dc4d245a-d485-4782-9408-e67bb42236e2.bin,ok,
volkswagen,touareg,2014,warranty_maintenance,"USA VW WARR 2014 EN (USA_VW_MY14_WM_Touareg_143.5U3.WAT.23_EN.pdf, edition 1) - Warranty and Maintenance booklet; queried with model code 7P5",https://ownersliterature.vw.com/owners-literature-service/v1/document/e27742f5-b153-414b-a6bc-eb926369be2f,200,458059,bdb918a0e2c13d5dcb60734a41e1addf5adfb34d80b7e5624c5d7ebd985b7ca0,2026-10-02T10:32:24+00:00,official/volkswagen/ownersliterature.vw.com/e27742f5-b153-414b-a6bc-eb926369be2f.bin,ok,
volkswagen,arteon;atlas;jetta;passat;tiguan,2019,warranty_maintenance,"USA VW WARR 2019 EN (USA_VW_MY19_WM_allmodel_5N0012723SH_EN_3Ed.pdf, edition 3) - Warranty and Maintenance booklet; queried with model code 3H7",https://ownersliterature.vw.com/owners-literature-service/v1/document/e33409e0-1c10-4428-a074-b40d7b161f96,200,1861964,10ce611e1b76cf30fb4bbf0867ddcb036a4e19f82413609141cf4c70c0da4b1e,2026-10-02T10:32:29+00:00,official/volkswagen/ownersliterature.vw.com/e33409e0-1c10-4428-a074-b40d7b161f96.bin,ok,
volkswagen,jetta;passat;tiguan;touareg,2015,maintenance_guide,"2015 VW Maintenance Card (en-US-V-USA5R505821_2015_VW_Maintenance_Card.pdf, edition 1) - Maintenance card; queried with model code 163",https://ownersliterature.vw.com/owners-literature-service/v1/document/e6d745d2-dc65-41eb-89b8-843fdeacb5ab,200,85735,81fe69162cce6f83b1862cf8f711b1496eb733dc680dd6d31607eea17f9697b7,2026-10-02T10:32:33+00:00,official/volkswagen/ownersliterature.vw.com/e6d745d2-dc65-41eb-89b8-843fdeacb5ab.bin,ok,
volkswagen,passat;tiguan;touareg,2015,warranty_maintenance,"USA VW WARR 2015 EN (USA_VW_MY15_WM_153.5U3.WAR.23_EN.pdf, edition 2) - Warranty and Maintenance booklet; queried with model code A32",https://ownersliterature.vw.com/owners-literature-service/v1/document/f4d7725a-64bc-4b68-856f-bec239e7d24e,200,741325,80dabbc30224ef8e0c8a37cfc96f8e9faec8de70524d39cb610b9a313dc92420,2026-10-02T10:32:39+00:00,official/volkswagen/ownersliterature.vw.com/f4d7725a-64bc-4b68-856f-bec239e7d24e.bin,ok,
volkswagen,arteon;atlas;jetta;passat;tiguan,2021,warranty_maintenance,"US VW Warranty 2021 (USA_VW_MY21_WM_allmodel_5NA012723GD_EN.pdf, edition 2) - Warranty and Maintenance booklet; queried with model code 3H8",https://ownersliterature.vw.com/owners-literature-service/v1/document/f7e47928-1b5f-4630-884a-f3a803394d36,200,1644865,1b950aa90a49f6dfb6da61357ba4878078d48fa821984e21e63ae17d33da03c4,2026-10-02T10:32:45+00:00,official/volkswagen/ownersliterature.vw.com/f7e47928-1b5f-4630-884a-f3a803394d36.bin,ok,
volkswagen,arteon;atlas;jetta;passat;tiguan,2022,warranty_maintenance,"US VW WARR MY 2022 EN (USA_VW_MY22_WM_allmodel_22VWGASWMUSENAA_EN.pdf, edition 2) - Warranty and Maintenance booklet; queried with model code 3H8",https://ownersliterature.vw.com/owners-literature-service/v1/document/fb89c358-5dee-4470-9045-fd4fcbc5ac3a,200,1661775,3a899e0e902a38687154784d9229122cdc6f8303b9bb0c4d36a853edbc7d32f3,2026-10-02T10:32:53+00:00,official/volkswagen/ownersliterature.vw.com/fb89c358-5dee-4470-9045-fd4fcbc5ac3a.bin,ok,
