field,reason,scope
engine_family_key,factory engine code not in EPA; filled only from a source that names it,volkswagen-tiguan-us-2014-2.0l-4cyl-turbo-ice-a-s6-awd
engine_family_key,factory engine code not in EPA; filled only from a source that names it,volkswagen-tiguan-us-2014-2.0l-4cyl-turbo-ice-a-s6-fwd
engine_family_key,factory engine code not in EPA; filled only from a source that names it,volkswagen-tiguan-us-2014-2.0l-4cyl-turbo-ice-m-6-spd-fwd
engine_family_key,factory engine code not in EPA; filled only from a source that names it,volkswagen-tiguan-us-2015-2.0l-4cyl-turbo-ice-a-s6-awd
engine_family_key,factory engine code not in EPA; filled only from a source that names it,volkswagen-tiguan-us-2015-2.0l-4cyl-turbo-ice-a-s6-fwd
engine_family_key,factory engine code not in EPA; filled only from a source that names it,volkswagen-tiguan-us-2016-2.0l-4cyl-turbo-ice-a-s6-awd
engine_family_key,factory engine code not in EPA; filled only from a source that names it,volkswagen-tiguan-us-2016-2.0l-4cyl-turbo-ice-a-s6-fwd
engine_family_key,factory engine code not in EPA; filled only from a source that names it,volkswagen-tiguan-us-2017-2.0l-4cyl-turbo-ice-a-s6-awd
engine_family_key,factory engine code not in EPA; filled only from a source that names it,volkswagen-tiguan-us-2017-2.0l-4cyl-turbo-ice-a-s6-fwd
engine_family_key,factory engine code not in EPA; filled only from a source that names it,volkswagen-tiguan-us-2018-2.0l-4cyl-turbo-ice-a-s6-awd
engine_family_key,factory engine code not in EPA; filled only from a source that names it,volkswagen-tiguan-us-2018-2.0l-4cyl-turbo-ice-a-s6-fwd
engine_family_key,factory engine code not in EPA; filled only from a source that names it,volkswagen-tiguan-us-2018-2.0l-4cyl-turbo-ice-a-s8-awd
engine_family_key,factory engine code not in EPA; filled only from a source that names it,volkswagen-tiguan-us-2018-2.0l-4cyl-turbo-ice-a-s8-fwd
engine_family_key,factory engine code not in EPA; filled only from a source that names it,volkswagen-tiguan-us-2019-2.0l-4cyl-turbo-ice-a-s8-awd
engine_family_key,factory engine code not in EPA; filled only from a source that names it,volkswagen-tiguan-us-2019-2.0l-4cyl-turbo-ice-a-s8-fwd
engine_family_key,factory engine code not in EPA; filled only from a source that names it,volkswagen-tiguan-us-2020-2.0l-4cyl-turbo-ice-a-s8-awd
engine_family_key,factory engine code not in EPA; filled only from a source that names it,volkswagen-tiguan-us-2020-2.0l-4cyl-turbo-ice-a-s8-fwd
engine_family_key,factory engine code not in EPA; filled only from a source that names it,volkswagen-tiguan-us-2021-2.0l-4cyl-turbo-ice-a-s8-awd
engine_family_key,factory engine code not in EPA; filled only from a source that names it,volkswagen-tiguan-us-2021-2.0l-4cyl-turbo-ice-a-s8-fwd
engine_family_key,factory engine code not in EPA; filled only from a source that names it,volkswagen-tiguan-us-2022-2.0l-4cyl-turbo-ice-a-s8-awd
engine_family_key,factory engine code not in EPA; filled only from a source that names it,volkswagen-tiguan-us-2022-2.0l-4cyl-turbo-ice-a-s8-fwd
engine_family_key,factory engine code not in EPA; filled only from a source that names it,volkswagen-tiguan-us-2023-2.0l-4cyl-turbo-ice-a-s8-awd
engine_family_key,factory engine code not in EPA; filled only from a source that names it,volkswagen-tiguan-us-2023-2.0l-4cyl-turbo-ice-a-s8-fwd
engine_family_key,factory engine code not in EPA; filled only from a source that names it,volkswagen-tiguan-us-2024-2.0l-4cyl-turbo-ice-a-s8-awd
engine_family_key,factory engine code not in EPA; filled only from a source that names it,volkswagen-tiguan-us-2024-2.0l-4cyl-turbo-ice-a-s8-fwd
engine_family_key,factory engine code not in EPA; filled only from a source that names it,volkswagen-tiguan-us-2025-2.0l-4cyl-turbo-ice-a-s8-awd
engine_family_key,factory engine code not in EPA; filled only from a source that names it,volkswagen-tiguan-us-2025-2.0l-4cyl-turbo-ice-a-s8-fwd
engine_family_key,factory engine code not in EPA; filled only from a source that names it,volkswagen-tiguan-us-2026-2.0l-4cyl-turbo-ice-a-s8-awd
engine_family_key,factory engine code not in EPA; filled only from a source that names it,volkswagen-tiguan-us-2026-2.0l-4cyl-turbo-ice-a-s8-fwd
fuel_tank_l,value 0.9 outside the validator range; not used,volkswagen/tiguan mcum-tiguan-4-door-2007-2016 p.203
fuel_tank_l,value 0.9 outside the validator range; not used,volkswagen/tiguan mcum-tiguan-4-door-2007-2016 p.205
fuel_tank_l,value 0.9 outside the validator range; not used,volkswagen/tiguan mcum-tiguan-4-door-2007-2016 p.209
fuel_tank_l,value 0.9 outside the validator range; not used,volkswagen/tiguan mcum-tiguan-4-door-2007-2016 p.211
engine_oil_capacity_drain_refill_l,value 0.5 outside the validator range; not used,volkswagen/tiguan mcum-tiguan-4-door-2023 p.41
engine_oil_capacity_drain_refill_l,value 0.5 outside the validator range; not used,volkswagen/tiguan mcum-tiguan-4-door-2023 p.41
fuel_tank_l,value 2.0 outside the validator range; not used,volkswagen/tiguan mcum-tiguan-4-door-2023 p.771
engine_oil_capacity_drain_refill_l,value 0.5 outside the validator range; not used,volkswagen/tiguan mcum-tiguan-4-door-2024-2025 p.52
engine_oil_capacity_drain_refill_l,value 0.5 outside the validator range; not used,volkswagen/tiguan mcum-tiguan-4-door-2024-2025 p.57
engine_oil_capacity_drain_refill_l,value 0.5 outside the validator range; not used,volkswagen/tiguan mcum-tiguan-4-door-2024-2025 p.57
engine_oil_viscosity,"one document gives 2 values: ['""SAE 5W-30""', '""SAE 5W-40""']",volkswagen/tiguan MY2014 (mcum-tiguan-4-door-2007-2016)
engine_oil_viscosity,"one document gives 2 values: ['""SAE 5W-30""', '""SAE 5W-40""']",volkswagen/tiguan MY2015 (mcum-tiguan-4-door-2007-2016)
engine_oil_viscosity,"one document gives 2 values: ['""SAE 5W-30""', '""SAE 5W-40""']",volkswagen/tiguan MY2016 (mcum-tiguan-4-door-2007-2016)
octane_aki,"one document gives 3 values: ['87', '90', '91']",volkswagen/tiguan MY2014 (mcum-tiguan-4-door-2007-2016)
octane_aki,"one document gives 3 values: ['87', '90', '91']",volkswagen/tiguan MY2015 (mcum-tiguan-4-door-2007-2016)
octane_aki,"one document gives 3 values: ['87', '90', '91']",volkswagen/tiguan MY2016 (mcum-tiguan-4-door-2007-2016)
fuel_tank_l,"one document gives 2 values: ['60.0', '62.0']",volkswagen/tiguan MY2023 (mcum-tiguan-4-door-2023)
octane_aki,"one document gives 3 values: ['87', '91', '93']",volkswagen/tiguan MY2023 (mcum-tiguan-4-door-2023)
octane_ron,"one document gives 2 values: ['91', '95']",volkswagen/tiguan MY2023 (mcum-tiguan-4-door-2023)
fuel_tank_l,"one document gives 2 values: ['60.0', '62.0']",volkswagen/tiguan MY2024 (mcum-tiguan-4-door-2024-2025)
fuel_tank_l,"one document gives 2 values: ['60.0', '62.0']",volkswagen/tiguan MY2025 (mcum-tiguan-4-door-2024-2025)
octane_aki,"one document gives 3 values: ['87', '91', '93']",volkswagen/tiguan MY2024 (mcum-tiguan-4-door-2024-2025)
octane_aki,"one document gives 3 values: ['87', '91', '93']",volkswagen/tiguan MY2025 (mcum-tiguan-4-door-2024-2025)
octane_ron,"one document gives 2 values: ['91', '95']",volkswagen/tiguan MY2024 (mcum-tiguan-4-door-2024-2025)
octane_ron,"one document gives 2 values: ['91', '95']",volkswagen/tiguan MY2025 (mcum-tiguan-4-door-2024-2025)
curb_weight_kg,"one document gives 2 values: ['1539', '1544']",volkswagen/tiguan MY2014 (press-vw-tiguan-2014-8171e3bb)
wheel_size_in,"one document gives 4 values: ['16', '17', '18', '19']",volkswagen/tiguan MY2014 (press-vw-tiguan-2014-8171e3bb)
wheel_size_in,"one document gives 4 values: ['16', '17', '18', '19']",volkswagen/tiguan MY2015 (press-vw-tiguan-2015-e2e7198e)
wheel_size_in,"one document gives 3 values: ['16', '17', '19']",volkswagen/tiguan MY2016 (press-vw-tiguan-2016-f47949d2)
wheel_size_in,"one document gives 4 values: ['16', '17', '18', '19']",volkswagen/tiguan MY2017 (press-vw-tiguan-2017-c874f6e3)
wheel_size_in,"one document gives 4 values: ['16', '17', '18', '19']",volkswagen/tiguan MY2017 (press-vw-tiguan-2017-e72678a9)
cargo_l,"one document gives 2 values: ['339.8', '934.5']",volkswagen/tiguan MY2018 (press-vw-tiguan-2018-3e326d7e)
wheel_size_in,"one document gives 4 values: ['17', '18', '19', '20']",volkswagen/tiguan MY2018 (press-vw-tiguan-2018-3e326d7e)
cargo_l,"one document gives 2 values: ['339.8', '934.5']",volkswagen/tiguan MY2019 (press-vw-tiguan-2019-43f8aae5)
wheel_size_in,"one document gives 4 values: ['17', '18', '19', '20']",volkswagen/tiguan MY2019 (press-vw-tiguan-2019-43f8aae5)
cargo_l,"one document gives 2 values: ['339.8', '934.5']",volkswagen/tiguan MY2020 (press-vw-tiguan-2020-0938826a)
wheel_size_in,"one document gives 3 values: ['17', '19', '20']",volkswagen/tiguan MY2020 (press-vw-tiguan-2020-0938826a)
cargo_l,"one document gives 2 values: ['339.8', '934.5']",volkswagen/tiguan MY2021 (press-vw-tiguan-2021-45ea3a0d)
wheel_size_in,"one document gives 3 values: ['17', '19', '20']",volkswagen/tiguan MY2021 (press-vw-tiguan-2021-45ea3a0d)
cargo_l,"one document gives 2 values: ['339.8', '934.5']",volkswagen/tiguan MY2022 (press-vw-tiguan-2022-e83e52c0)
wheel_size_in,"one document gives 4 values: ['17', '18', '19', '20']",volkswagen/tiguan MY2022 (press-vw-tiguan-2022-e83e52c0)
cargo_l,"one document gives 2 values: ['339.8', '934.5']",volkswagen/tiguan MY2023 (press-vw-tiguan-2023-ca55f3d4)
wheel_size_in,"one document gives 3 values: ['17', '18', '19']",volkswagen/tiguan MY2023 (press-vw-tiguan-2023-ca55f3d4)
wheel_size_in,"one document gives 4 values: ['17', '18', '19', '20']",volkswagen/tiguan MY2023 (press-vw-tiguan-2023-ca55f3d4)
cargo_l,"one document gives 2 values: ['339.8', '934.5']",volkswagen/tiguan MY2024 (press-vw-tiguan-2024-8bb28a9e)
curb_weight_kg,"one document gives 2 values: ['1693', '1713']",volkswagen/tiguan MY2024 (press-vw-tiguan-2024-8bb28a9e)
curb_weight_kg,"one document gives 2 values: ['1732', '1787']",volkswagen/tiguan MY2024 (press-vw-tiguan-2024-8bb28a9e)
wheel_size_in,"one document gives 3 values: ['17', '18', '19']",volkswagen/tiguan MY2024 (press-vw-tiguan-2024-8bb28a9e)
wheel_size_in,"one document gives 4 values: ['17', '18', '19', '20']",volkswagen/tiguan MY2024 (press-vw-tiguan-2024-8bb28a9e)
curb_weight_kg,"one document gives 2 values: ['1616', '1636']",volkswagen/tiguan MY2025 (press-vw-tiguan-2025-560b655c)
wheel_size_in,"one document gives 4 values: ['17', '18', '19', '20']",volkswagen/tiguan MY2025 (press-vw-tiguan-2025-560b655c)
engine_oil_oem_approval,не публикуется производителем в руководстве: руководство ссылается на наклейку в моторном отсеке — «There is a label on the lock carrier that shows which engine oil should be added»,volkswagen/tiguan MY2023-2023 (mcum-tiguan-4-door-2023 p.9)
engine_oil_capacity_l,не публикуется производителем в руководстве: руководство ссылается на наклейку в моторном отсеке — «There is a label on the lock carrier that shows which engine oil should be added»,volkswagen/tiguan MY2023-2023 (mcum-tiguan-4-door-2023 p.9)
engine_oil_oem_approval,не публикуется производителем в руководстве: руководство ссылается на наклейку в моторном отсеке — «There is a label on the lock carrier that shows which engine oil should be added»,volkswagen/tiguan MY2023-2023 (mcum-tiguan-4-door-2023 p.37)
engine_oil_capacity_l,не публикуется производителем в руководстве: руководство ссылается на наклейку в моторном отсеке — «There is a label on the lock carrier that shows which engine oil should be added»,volkswagen/tiguan MY2023-2023 (mcum-tiguan-4-door-2023 p.37)
engine_oil_oem_approval,не публикуется производителем в руководстве: руководство ссылается на наклейку в моторном отсеке — «There is a label on the lock carrier that shows which engine oil should be added»,volkswagen/tiguan MY2023-2023 (mcum-tiguan-4-door-2023 p.49)
engine_oil_capacity_l,не публикуется производителем в руководстве: руководство ссылается на наклейку в моторном отсеке — «There is a label on the lock carrier that shows which engine oil should be added»,volkswagen/tiguan MY2023-2023 (mcum-tiguan-4-door-2023 p.49)
engine_oil_oem_approval,не публикуется производителем в руководстве: руководство ссылается на наклейку в моторном отсеке — «There is a label on the lock carrier at the front of the engine compartment that shows which engine oil should be added»,volkswagen/tiguan MY2024-2025 (mcum-tiguan-4-door-2024-2025 p.10)
engine_oil_capacity_l,не публикуется производителем в руководстве: руководство ссылается на наклейку в моторном отсеке — «There is a label on the lock carrier at the front of the engine compartment that shows which engine oil should be added»,volkswagen/tiguan MY2024-2025 (mcum-tiguan-4-door-2024-2025 p.10)
engine_oil_oem_approval,не публикуется производителем в руководстве: руководство ссылается на наклейку в моторном отсеке — «There is a label on the lock carrier at the front of the engine compartment that shows which engine oil should be added»,volkswagen/tiguan MY2024-2025 (mcum-tiguan-4-door-2024-2025 p.51)
engine_oil_capacity_l,не публикуется производителем в руководстве: руководство ссылается на наклейку в моторном отсеке — «There is a label on the lock carrier at the front of the engine compartment that shows which engine oil should be added»,volkswagen/tiguan MY2024-2025 (mcum-tiguan-4-door-2024-2025 p.51)
engine_oil_viscosity,not found unambiguously in the available US owner's manuals,volkswagen/tiguan 5N
coolant,not found unambiguously in the available US owner's manuals,volkswagen/tiguan 5N
transmission_fluid,not found unambiguously in the available US owner's manuals,volkswagen/tiguan 5N
engine_oil_capacity_l,not found unambiguously in the available US owner's manuals,volkswagen/tiguan II-US-LWB
engine_oil_viscosity,not found unambiguously in the available US owner's manuals,volkswagen/tiguan II-US-LWB
coolant,not found unambiguously in the available US owner's manuals,volkswagen/tiguan II-US-LWB
transmission_fluid,not found unambiguously in the available US owner's manuals,volkswagen/tiguan II-US-LWB
engine_oil_capacity_l,not found unambiguously in the available US owner's manuals,volkswagen/tiguan US2025+
engine_oil_viscosity,not found unambiguously in the available US owner's manuals,volkswagen/tiguan US2025+
coolant,not found unambiguously in the available US owner's manuals,volkswagen/tiguan US2025+
transmission_fluid,not found unambiguously in the available US owner's manuals,volkswagen/tiguan US2025+
cargo_l,not found unambiguously in the available US press specification pages,volkswagen/tiguan US2025+
