make,line,year,doc_type,title,url,http_status,bytes,sha256,retrieved_at,path,status,note
volkswagen,,,robots,robots.txt,https://media.vw.com/robots.txt,200,75,f6f9199c9b855cd434eca2b82415f5b0f851f71cbd82bfc333063fd9b5f12bf9,2026-10-02T11:43:54+00:00,press/media.vw.com/robots.txt.gz,ok,no rule against the pages used
volkswagen,,,press_index,model tree,https://media.vw.com/api/models,200,17505,2f4408a85a3255c1d155dccea01a66594e0e36fed221a6aca29f37ceb3f59255,2026-10-02T11:43:59+00:00,press/media.vw.com/api/api_models.json.gz,ok,
volkswagen,volkswagen/jetta,,press_index,model page jetta,https://media.vw.com/api/models/jetta,200,106350,5bd7bcb606dc0801ce7ec19bcea0ffe2c1f4ef5820e7b61ccfe2ef895220975c,2026-10-02T11:44:05+00:00,press/media.vw.com/api/api_models_jetta.json.gz,ok,
volkswagen,volkswagen/jetta,,press_index,model page jetta-gli,https://media.vw.com/api/models/jetta-gli,200,105516,099d5e0bed996d53bdb6e9efd1844f174201f49ddf6d6a3a825ce39f4a63f09c,2026-10-02T11:44:08+00:00,press/media.vw.com/api/api_models_jetta-gli.json.gz,ok,
volkswagen,volkswagen/jetta,,press_index,model page jetta-sportwagen,https://media.vw.com/api/models/jetta-sportwagen,200,53823,e06dcb665350fd3377550a7b2c7c0b5f7d421cbdfa8d4b3d4c5e311fc7ecccc7,2026-10-02T11:44:11+00:00,press/media.vw.com/api/api_models_jetta-sportwagen.json.gz,ok,
volkswagen,volkswagen/passat,,press_index,model page passat,https://media.vw.com/api/models/passat,200,107328,6c734149966ca9a9c7345f646ca257ec78caf30a7de22d16784754e39ab68637,2026-10-02T11:44:17+00:00,press/media.vw.com/api/api_models_passat.json.gz,ok,
volkswagen,volkswagen/tiguan,,press_index,model page tiguan,https://media.vw.com/api/models/tiguan,200,119580,d05b3edb395fff767207a564296587f9df90a33d6a3e16d081086a47347675cc,2026-10-02T11:44:20+00:00,press/media.vw.com/api/api_models_tiguan.json.gz,ok,
volkswagen,volkswagen/tiguan,,press_index,model page tiguan-limited,https://media.vw.com/api/models/tiguan-limited,200,36701,219fe1d4503563d1ccecd807a4506e69b176334043dd6196534bab5f6a51aafc,2026-10-02T11:44:23+00:00,press/media.vw.com/api/api_models_tiguan-limited.json.gz,ok,
volkswagen,volkswagen/atlas,,press_index,model page atlas,https://media.vw.com/api/models/atlas,200,118632,531241cb96e1e2d9e9e83b55cd2ecfa29d5496dbe526fc6aadd209ed24ecd7d6,2026-10-02T11:44:28+00:00,press/media.vw.com/api/api_models_atlas.json.gz,ok,
volkswagen,volkswagen/arteon,,press_index,model page arteon,https://media.vw.com/api/models/arteon,200,121626,108a0aa85be0bfbe4bfb3bb1038d1aa864eebbfd3bacb303eada59a9c4fa6291,2026-10-02T11:44:33+00:00,press/media.vw.com/api/api_models_arteon.json.gz,ok,
volkswagen,volkswagen/touareg,,press_index,model page touareg,https://media.vw.com/api/models/touareg,200,117403,0300aae9b2df53953c13181e2a9ee23a3b1e1e0505c7aa5e2eeabe94abe25c58,2026-10-02T11:44:37+00:00,press/media.vw.com/api/api_models_touareg.json.gz,ok,
volkswagen,volkswagen/jetta,,press_index,press kit 2027-jetta-jetta-gli-press-kit,https://media.vw.com/api/press-kits/2027-jetta-jetta-gli-press-kit,200,43898,0adb0eef92ce1f90877f1fbb58f713c26bcda9f90ed744a03cc1629d18a54a10,2026-10-02T11:44:41+00:00,press/media.vw.com/api/api_press-kits_2027-jetta-jetta-gli-press-kit.json.gz,ok,
volkswagen,volkswagen/jetta,,press_index,press kit 2014-jetta-sportwagen-press-kit,https://media.vw.com/api/press-kits/2014-jetta-sportwagen-press-kit,200,18855,c51ed162cc4254db108f7a8ba3bb200d5504db9ce926d07db42a1033d4d4254f,2026-10-02T11:44:45+00:00,press/media.vw.com/api/api_press-kits_2014-jetta-sportwagen-press-kit.json.gz,ok,
volkswagen,volkswagen/passat,,press_index,press kit 2022-passat-press-kit,https://media.vw.com/api/press-kits/2022-passat-press-kit,200,70787,a423de36ef3749f6f623351a75cf2351bf9999bdbb8d69cf5a15551fa0565b5b,2026-10-02T11:44:49+00:00,press/media.vw.com/api/api_press-kits_2022-passat-press-kit.json.gz,ok,
volkswagen,volkswagen/tiguan,,press_index,press kit 2027-tiguan-press-kit,https://media.vw.com/api/press-kits/2027-tiguan-press-kit,200,58249,6c99ef61a605f7b815cc5338f4d036c25e0d0a35787c3887f918ab6fa3289c02,2026-10-02T11:44:52+00:00,press/media.vw.com/api/api_press-kits_2027-tiguan-press-kit.json.gz,ok,
volkswagen,volkswagen/tiguan,,press_index,press kit 2017-tiguan-limited-press-kit,https://media.vw.com/api/press-kits/2017-tiguan-limited-press-kit,200,20622,22628d59b9f9496d2d4c68818d8ead73d72140b23f3bf7ba23ac8e82bd2fd91f,2026-10-02T11:44:57+00:00,press/media.vw.com/api/api_press-kits_2017-tiguan-limited-press-kit.json.gz,ok,
volkswagen,volkswagen/atlas,,press_index,press kit 2026-atlas-press-kit,https://media.vw.com/api/press-kits/2026-atlas-press-kit,200,48163,b98c078ab2345d09995e6a30c4363aa852d7f7ad36f25d7c19dc996bfa8b39b2,2026-10-02T11:45:00+00:00,press/media.vw.com/api/api_press-kits_2026-atlas-press-kit.json.gz,ok,
volkswagen,volkswagen/arteon,,press_index,press kit 2023-arteon-press-kit,https://media.vw.com/api/press-kits/2023-arteon-press-kit,200,55359,5f8b0bf5b7a57e54d3d3c7633a6a587702b4961a27f98d923f6896fd70285b25,2026-10-02T11:45:05+00:00,press/media.vw.com/api/api_press-kits_2023-arteon-press-kit.json.gz,ok,
volkswagen,volkswagen/touareg,,press_index,press kit 2017-touareg-press-kit,https://media.vw.com/api/press-kits/2017-touareg-press-kit,200,22218,7583becbca880ebff39177f862bd61f5fda7673da7fdf93ccebc1c3978249882,2026-10-02T11:45:08+00:00,press/media.vw.com/api/api_press-kits_2017-touareg-press-kit.json.gz,ok,
volkswagen,volkswagen/jetta,,press_index,press kit 2026-jetta-jetta-gli-press-kit,https://media.vw.com/api/press-kits/2026-jetta-jetta-gli-press-kit,200,44608,2b6b3000d09b3354a6dccb54c2fcd909aa2e09c0080e2ba8749a66b1f8a9d22d,2026-10-02T11:45:11+00:00,press/media.vw.com/api/api_press-kits_2026-jetta-jetta-gli-press-kit.json.gz,ok,
volkswagen,volkswagen/jetta,,press_index,press kit 2025-jetta-gli-press-kit,https://media.vw.com/api/press-kits/2025-jetta-gli-press-kit,200,97552,718a264734c1f26ca108e8496450efcf7a61d1d58a6edd6de9a3fbbbcb8bf913,2026-10-02T11:45:15+00:00,press/media.vw.com/api/api_press-kits_2025-jetta-gli-press-kit.json.gz,ok,
volkswagen,volkswagen/jetta,,press_index,press kit 2024-jetta-jetta-gli-press-kit,https://media.vw.com/api/press-kits/2024-jetta-jetta-gli-press-kit,200,61308,065adb9a93c838008f4951dfa31c6a292da226c0768eede02c0f34a87ff56436,2026-10-02T11:45:18+00:00,press/media.vw.com/api/api_press-kits_2024-jetta-jetta-gli-press-kit.json.gz,ok,
volkswagen,volkswagen/jetta,,press_index,press kit 2023-jetta-gli-press-kit,https://media.vw.com/api/press-kits/2023-jetta-gli-press-kit,200,59293,094a7dfc7da280e72d0b3c195240267ceb29240d4f4285c627f2014e2e6f2a38,2026-10-02T11:45:22+00:00,press/media.vw.com/api/api_press-kits_2023-jetta-gli-press-kit.json.gz,ok,
volkswagen,volkswagen/jetta,,press_index,press kit 2022-jetta-gli-press-kit,https://media.vw.com/api/press-kits/2022-jetta-gli-press-kit,200,153264,44bd6477d1843509ddac6f4864318fd4d9d9a907c5d742ed214c28106ec4612c,2026-10-02T11:45:27+00:00,press/media.vw.com/api/api_press-kits_2022-jetta-gli-press-kit.json.gz,ok,
volkswagen,volkswagen/jetta,,press_index,press kit 2021-jetta-gli-press-kit,https://media.vw.com/api/press-kits/2021-jetta-gli-press-kit,200,74210,a3b2a82f00be21116a5303f6d610b633334227b121f49a1e0b1960467aab7975,2026-10-02T11:45:32+00:00,press/media.vw.com/api/api_press-kits_2021-jetta-gli-press-kit.json.gz,ok,
volkswagen,volkswagen/jetta,,press_index,press kit 2020-jetta-gli-press-kit,https://media.vw.com/api/press-kits/2020-jetta-gli-press-kit,200,49763,0dbe5c93dfcf66cbd37ce7fc86d1657cb154fcfab52204c01df43a2b6c8cbdbb,2026-10-02T11:45:36+00:00,press/media.vw.com/api/api_press-kits_2020-jetta-gli-press-kit.json.gz,ok,
volkswagen,volkswagen/jetta,,press_index,press kit 2019-jetta-gli-press-kit,https://media.vw.com/api/press-kits/2019-jetta-gli-press-kit,200,122271,5392a9c8f2a76d0f56540a3ea0dcdb687bab3dfc361e3903d5697202207eb38c,2026-10-02T11:45:40+00:00,press/media.vw.com/api/api_press-kits_2019-jetta-gli-press-kit.json.gz,ok,
volkswagen,volkswagen/jetta,,press_index,press kit 2018-jetta-gli-press-kit,https://media.vw.com/api/press-kits/2018-jetta-gli-press-kit,200,34651,a0ab402128c11c104cbac9c357f76efd5b6cc7f0abe54cc23ce739fd99d1c6df,2026-10-02T11:45:44+00:00,press/media.vw.com/api/api_press-kits_2018-jetta-gli-press-kit.json.gz,ok,
volkswagen,volkswagen/jetta,,press_index,press kit 2017-jetta-gli-press-kit,https://media.vw.com/api/press-kits/2017-jetta-gli-press-kit,200,39051,0e60d079b6848bf8a1f6f2caa12fb107cfa18db8169547a9ccb4695a374aac8a,2026-10-02T11:45:48+00:00,press/media.vw.com/api/api_press-kits_2017-jetta-gli-press-kit.json.gz,ok,
volkswagen,volkswagen/jetta,,press_index,press kit 2016-jetta-gli-press-kit,https://media.vw.com/api/press-kits/2016-jetta-gli-press-kit,200,51807,c98995bc683eac84b569ffe00354acc411637228cd072569694324f3d61531b7,2026-10-02T11:45:52+00:00,press/media.vw.com/api/api_press-kits_2016-jetta-gli-press-kit.json.gz,ok,
volkswagen,volkswagen/jetta,,press_index,press kit 2015-jetta-gli-press-kit,https://media.vw.com/api/press-kits/2015-jetta-gli-press-kit,200,45546,9d85ad593eda3ec96f527948f948cc6e8be82e52ff748dd304d9b3bdb56b4ce7,2026-10-02T11:45:57+00:00,press/media.vw.com/api/api_press-kits_2015-jetta-gli-press-kit.json.gz,ok,
volkswagen,volkswagen/jetta,,press_index,press kit 2014-jetta-gli-press-kit,https://media.vw.com/api/press-kits/2014-jetta-gli-press-kit,200,54683,f17b93bafa6d541689619f12d80fd432060c5ee15f46212a56ead1d93286176e,2026-10-02T11:46:00+00:00,press/media.vw.com/api/api_press-kits_2014-jetta-gli-press-kit.json.gz,ok,
volkswagen,volkswagen/jetta,,press_index,press kit 2013-jetta-gli-press-kit,https://media.vw.com/api/press-kits/2013-jetta-gli-press-kit,200,25844,d731fa6cb2f8bb112647c4996ab4fea4840d75763cf8d48814c31e2a29671c9f,2026-10-02T11:46:04+00:00,press/media.vw.com/api/api_press-kits_2013-jetta-gli-press-kit.json.gz,ok,
volkswagen,volkswagen/jetta,,press_index,press kit 2012-jetta-gli-press-kit,https://media.vw.com/api/press-kits/2012-jetta-gli-press-kit,200,33700,44138985d90f293c34b0a7b611a00c1e6b2ecf48890094ba94bf91dca08229cc,2026-10-02T11:46:07+00:00,press/media.vw.com/api/api_press-kits_2012-jetta-gli-press-kit.json.gz,ok,
volkswagen,volkswagen/jetta,,press_index,press kit 2012-jetta-sportwagen-press-kit,https://media.vw.com/api/press-kits/2012-jetta-sportwagen-press-kit,200,20340,40df4651570c9183fb7e1af5a22ccfd13f9b3097560c2ec8600a5f2041391f99,2026-10-02T11:46:10+00:00,press/media.vw.com/api/api_press-kits_2012-jetta-sportwagen-press-kit.json.gz,ok,
volkswagen,volkswagen/jetta,,press_index,press kit 2013-jetta-sportwagen-press-kit,https://media.vw.com/api/press-kits/2013-jetta-sportwagen-press-kit,200,17784,22ab62da492437de7a410e2795319cc4665ae236437e2a2fad962fa2f14ea983,2026-10-02T11:46:13+00:00,press/media.vw.com/api/api_press-kits_2013-jetta-sportwagen-press-kit.json.gz,ok,
volkswagen,volkswagen/passat,,press_index,press kit 2021-golf-press-kit,https://media.vw.com/api/press-kits/2021-golf-press-kit,200,53012,73bfd9ab3964364ed09f776d538b9c4db971faefc8602cb9bb2c6d727d817980,2026-10-02T11:46:15+00:00,press/media.vw.com/api/api_press-kits_2021-golf-press-kit.json.gz,ok,
volkswagen,volkswagen/passat,,press_index,press kit jetta-sportwagen,https://media.vw.com/api/press-kits/jetta-sportwagen,200,1567,3390ccf7781ad25fa97f3198757fc62cb3fa3fd34d4fca181ec074576fd9db86,2026-10-02T11:46:19+00:00,press/media.vw.com/api/api_press-kits_jetta-sportwagen.json.gz,ok,
volkswagen,volkswagen/passat,,press_index,press kit eos,https://media.vw.com/api/press-kits/eos,200,1543,570f0178d09749bd8728e271646b893e9b09308536c6398cdddf39fb723e9388,2026-10-02T11:46:22+00:00,press/media.vw.com/api/api_press-kits_eos.json.gz,ok,
volkswagen,volkswagen/tiguan,,press_index,press kit 2026-tiguan-press-kit,https://media.vw.com/api/press-kits/2026-tiguan-press-kit,200,152184,71783d0bce3e4fb02e75c2390cd7f9cfa32c00762a57b709ffe5f08639321958,2026-10-02T11:46:28+00:00,press/media.vw.com/api/api_press-kits_2026-tiguan-press-kit.json.gz,ok,
volkswagen,volkswagen/tiguan,,press_index,press kit 2025-tiguan-press-kit,https://media.vw.com/api/press-kits/2025-tiguan-press-kit,200,280398,49a059b24b9faa5ed4f43642a86e001986b3a72d3d90a9de418ee5757e3ae37e,2026-10-02T11:46:32+00:00,press/media.vw.com/api/api_press-kits_2025-tiguan-press-kit.json.gz,ok,
volkswagen,volkswagen/tiguan,,press_index,press kit 2024-tiguan-press-kit,https://media.vw.com/api/press-kits/2024-tiguan-press-kit,200,56306,e41913d5c371a2d6893021bfbdccc4dba04024203defe4d59c55024056fa2413,2026-10-02T11:46:36+00:00,press/media.vw.com/api/api_press-kits_2024-tiguan-press-kit.json.gz,ok,
volkswagen,,,robots,robots.txt,https://media.vw.com/robots.txt,200,75,f6f9199c9b855cd434eca2b82415f5b0f851f71cbd82bfc333063fd9b5f12bf9,2026-10-02T11:48:15+00:00,press/media.vw.com/robots.txt.gz,ok,no rule against the pages used
volkswagen,volkswagen/tiguan,,press_index,press kit 2023-tiguan-press-kit,https://media.vw.com/api/press-kits/2023-tiguan-press-kit,200,56987,d7e8ef63d563530bc8c980402c44f57b00a7687f0e881bf26fb0d7f6b3c9c342,2026-10-02T11:48:20+00:00,press/media.vw.com/api/api_press-kits_2023-tiguan-press-kit.json.gz,ok,
volkswagen,volkswagen/tiguan,,press_index,press kit 2022-tiguan-press-kit,https://media.vw.com/api/press-kits/2022-tiguan-press-kit,200,169830,22aa1703f3564d99d5490ad7adab52ac18cd92fb3e7b11aad6c0318208f35df4,2026-10-02T11:48:24+00:00,press/media.vw.com/api/api_press-kits_2022-tiguan-press-kit.json.gz,ok,
volkswagen,volkswagen/tiguan,,press_index,press kit 2021-tiguan-press-kit,https://media.vw.com/api/press-kits/2021-tiguan-press-kit,200,75223,119467e131ceba43dc4f824146c91774d6c9248e2abacb4fa03a7dee940c765c,2026-10-02T11:48:30+00:00,press/media.vw.com/api/api_press-kits_2021-tiguan-press-kit.json.gz,ok,
volkswagen,volkswagen/tiguan,,press_index,press kit 2020-tiguan-press-kit,https://media.vw.com/api/press-kits/2020-tiguan-press-kit,200,64117,24d3665e72ea9ac98ebec7add5b3d0d5ddc25ed444ddc8d63a8f45027f813ed9,2026-10-02T11:48:34+00:00,press/media.vw.com/api/api_press-kits_2020-tiguan-press-kit.json.gz,ok,
volkswagen,volkswagen/tiguan,,press_index,press kit 2019-tiguan-press-kit,https://media.vw.com/api/press-kits/2019-tiguan-press-kit,200,44803,faa1464b4dc2c0bb4f8dfd95de548c910e072d6c9bb43417688316521c173aa6,2026-10-02T11:48:37+00:00,press/media.vw.com/api/api_press-kits_2019-tiguan-press-kit.json.gz,ok,
volkswagen,volkswagen/tiguan,,press_index,press kit 2018-tiguan-press-kit,https://media.vw.com/api/press-kits/2018-tiguan-press-kit,200,45702,e2243f42dc96ea6a2ee3b9929ff7dfce2e21c854ba6c2442dc37279987b5e602,2026-10-02T11:48:41+00:00,press/media.vw.com/api/api_press-kits_2018-tiguan-press-kit.json.gz,ok,
volkswagen,volkswagen/tiguan,,press_index,press kit 2017-tiguan-press-kit,https://media.vw.com/api/press-kits/2017-tiguan-press-kit,200,28702,eeded2379d49d3b572163885984dc0b6bf67d144fc66f1fe423322b7c0f5bf1d,2026-10-02T11:48:44+00:00,press/media.vw.com/api/api_press-kits_2017-tiguan-press-kit.json.gz,ok,
volkswagen,volkswagen/tiguan,,press_index,press kit 2016-tiguan-press-kit,https://media.vw.com/api/press-kits/2016-tiguan-press-kit,200,33638,f9043aeb27cc85afed2845f3f3b581a4fcda83dbd8f253791a1325e4ccb62d7c,2026-10-02T11:48:48+00:00,press/media.vw.com/api/api_press-kits_2016-tiguan-press-kit.json.gz,ok,
volkswagen,volkswagen/tiguan,,press_index,press kit 2015-tiguan-press-kit,https://media.vw.com/api/press-kits/2015-tiguan-press-kit,200,24428,255b1601a7d12b2a6cb8b884af826c46f5da4ab24d9869d1a9cbb1d93600ac2b,2026-10-02T11:48:51+00:00,press/media.vw.com/api/api_press-kits_2015-tiguan-press-kit.json.gz,ok,
volkswagen,volkswagen/tiguan,,press_index,press kit 2014-tiguan-press-kit,https://media.vw.com/api/press-kits/2014-tiguan-press-kit,200,25965,4b2b58cb8b27cfc7f38d3bc3aac0382975e5b66b148d4d4b050f3cb73b986e7b,2026-10-02T11:48:55+00:00,press/media.vw.com/api/api_press-kits_2014-tiguan-press-kit.json.gz,ok,
volkswagen,volkswagen/tiguan,,press_index,press kit 2013-tiguan-press-kit,https://media.vw.com/api/press-kits/2013-tiguan-press-kit,200,23892,b8d14d072aee16dc9333ffbf7855eac5d7cc57a1cede22aea82a2129de08bd69,2026-10-02T11:48:59+00:00,press/media.vw.com/api/api_press-kits_2013-tiguan-press-kit.json.gz,ok,
volkswagen,volkswagen/tiguan,,press_index,press kit 2012-tiguan-press-kit,https://media.vw.com/api/press-kits/2012-tiguan-press-kit,200,27970,63be237c1525a9a5e5ccce843935d574d87bec12b88e819cee576b0caa3d82f9,2026-10-02T11:49:03+00:00,press/media.vw.com/api/api_press-kits_2012-tiguan-press-kit.json.gz,ok,
volkswagen,volkswagen/atlas,,press_index,press kit 2025-atlas-press-kit,https://media.vw.com/api/press-kits/2025-atlas-press-kit,200,64101,c4ef0b2aaa1ab8520960f11f879fca2168ab5592e000ba23372c41f8cadec5ad,2026-10-02T11:49:08+00:00,press/media.vw.com/api/api_press-kits_2025-atlas-press-kit.json.gz,ok,
volkswagen,volkswagen/atlas,,press_index,press kit 2024-atlas-press-kit,https://media.vw.com/api/press-kits/2024-atlas-press-kit,200,252242,fe6ad4d9f641888f60e7d7900180cbbba7e2abcc7b8c9419b6cd8579c855fb1d,2026-10-02T11:49:12+00:00,press/media.vw.com/api/api_press-kits_2024-atlas-press-kit.json.gz,ok,
volkswagen,volkswagen/atlas,,press_index,press kit 2023-atlas-press-kit,https://media.vw.com/api/press-kits/2023-atlas-press-kit,200,59713,1e87b9ef8d5d9ad31a9ec6d406c90c24fdd8d228f086075af4ae5cda76c56802,2026-10-02T11:49:16+00:00,press/media.vw.com/api/api_press-kits_2023-atlas-press-kit.json.gz,ok,
volkswagen,volkswagen/atlas,,press_index,press kit 2022-atlas-press-kit,https://media.vw.com/api/press-kits/2022-atlas-press-kit,200,74388,ba1fb7f9ba893a04a810bb1c288e31ae4ceca89a5f5a1f57edc415a00c389183,2026-10-02T11:49:20+00:00,press/media.vw.com/api/api_press-kits_2022-atlas-press-kit.json.gz,ok,
volkswagen,volkswagen/atlas,,press_index,press kit 2021.5-atlas-press-kit,https://media.vw.com/api/press-kits/2021.5-atlas-press-kit,200,171804,f06e0c952328d8663f18e070d89daa52a0450654f3c0aea8c1e4ec027829d46c,2026-10-02T11:49:25+00:00,press/media.vw.com/api/api_press-kits_2021.5-atlas-press-kit.json.gz,ok,
volkswagen,volkswagen/atlas,,press_index,press kit 2021-atlas-press-kit,https://media.vw.com/api/press-kits/2021-atlas-press-kit,200,154768,801f02aea9f51488465cc45b4d57847418ac9c8ca2b313b08271009131fdeb29,2026-10-02T11:49:30+00:00,press/media.vw.com/api/api_press-kits_2021-atlas-press-kit.json.gz,ok,
volkswagen,volkswagen/atlas,,press_index,press kit 2020-atlas-press-kit,https://media.vw.com/api/press-kits/2020-atlas-press-kit,200,53494,d2382a9a6f2c10ded67af8dd90887fbeb2f546ba93af45234c53862cc3bf8aa1,2026-10-02T11:49:34+00:00,press/media.vw.com/api/api_press-kits_2020-atlas-press-kit.json.gz,ok,
volkswagen,volkswagen/atlas,,press_index,press kit 2019-atlas-press-kit,https://media.vw.com/api/press-kits/2019-atlas-press-kit,200,49385,c6837910e858408bfc0b998bbc10c5f1f2d0e84521e7f75c799e6404ba323cca,2026-10-02T11:49:37+00:00,press/media.vw.com/api/api_press-kits_2019-atlas-press-kit.json.gz,ok,
volkswagen,volkswagen/atlas,,press_index,press kit 2018-atlas-press-kit,https://media.vw.com/api/press-kits/2018-atlas-press-kit,200,46429,75b2fe47d0b7f602d7c603076abf18a22359be3cba00c2bd6580d099b623bd1f,2026-10-02T11:49:42+00:00,press/media.vw.com/api/api_press-kits_2018-atlas-press-kit.json.gz,ok,
volkswagen,volkswagen/touareg,,press_index,press kit 2016-touareg-press-kit,https://media.vw.com/api/press-kits/2016-touareg-press-kit,200,23052,9d2e82c82684a29e56d8e1334eff3aeb98206760957f8c2c1c5446483d547dda,2026-10-02T11:49:46+00:00,press/media.vw.com/api/api_press-kits_2016-touareg-press-kit.json.gz,ok,
volkswagen,volkswagen/touareg,,press_index,press kit 2015-touareg-press-kit,https://media.vw.com/api/press-kits/2015-touareg-press-kit,200,25435,0d15d36667f7e7dc5bbb80e767b276700a324eeebfddee302ed17fe19683238f,2026-10-02T11:49:48+00:00,press/media.vw.com/api/api_press-kits_2015-touareg-press-kit.json.gz,ok,
volkswagen,volkswagen/touareg,,press_index,press kit 2014-touareg-press-kit,https://media.vw.com/api/press-kits/2014-touareg-press-kit,200,27631,65489b23084fb58b88260aaf8ed8a8f7a58ac56590704b8a02fd8ceb887f0b63,2026-10-02T11:49:52+00:00,press/media.vw.com/api/api_press-kits_2014-touareg-press-kit.json.gz,ok,
volkswagen,volkswagen/touareg,,press_index,press kit 2013-touareg-press-kit,https://media.vw.com/api/press-kits/2013-touareg-press-kit,200,23533,afdd0f92759bd1020adbe96a2e3a0ff0434fe14f45da47f93d6a3cb03c5b2df7,2026-10-02T11:49:55+00:00,press/media.vw.com/api/api_press-kits_2013-touareg-press-kit.json.gz,ok,
volkswagen,volkswagen/touareg,,press_index,press kit 2012-touareg-press-kit,https://media.vw.com/api/press-kits/2012-touareg-press-kit,200,26294,e18432067af6a645804ed9954a2754adcb3a85ff94993a738da6ab50d1fad6f2,2026-10-02T11:49:57+00:00,press/media.vw.com/api/api_press-kits_2012-touareg-press-kit.json.gz,ok,
volkswagen,volkswagen/jetta,,press_index,press kit 2025-jetta-jetta-gli-press-kit,https://media.vw.com/api/press-kits/2025-jetta-jetta-gli-press-kit,200,91963,af1d5133a0af8dfaae545ff45d309cc40b6a37cfc334faa11d91932b1436c171,2026-10-02T11:50:01+00:00,press/media.vw.com/api/api_press-kits_2025-jetta-jetta-gli-press-kit.json.gz,ok,
volkswagen,volkswagen/jetta,,press_index,press kit 2023-jetta-gli-press-kit2,https://media.vw.com/api/press-kits/2023-jetta-gli-press-kit2,200,59534,4317b808f8f2108f34d8ea18cd507142ff5e9e644faa4de66b7d6a6ba5f427c5,2026-10-02T11:50:04+00:00,press/media.vw.com/api/api_press-kits_2023-jetta-gli-press-kit2.json.gz,ok,
volkswagen,volkswagen/jetta,,press_index,press kit 2022-jetta--press-kit,https://media.vw.com/api/press-kits/2022-jetta--press-kit,200,153453,ebb1de5ebae38207c7b32ae4068f7a3b6b682efe97134d8a490c05262af759f7,2026-10-02T11:50:07+00:00,press/media.vw.com/api/api_press-kits_2022-jetta--press-kit.json.gz,ok,
volkswagen,volkswagen/jetta,,press_index,press kit 2021-jetta-press-kit,https://media.vw.com/api/press-kits/2021-jetta-press-kit,200,72714,ec372337751bc79bba0e06b67f1cdfaec6c65c29a80a256d3f8e47b76ac7bc68,2026-10-02T11:50:11+00:00,press/media.vw.com/api/api_press-kits_2021-jetta-press-kit.json.gz,ok,
volkswagen,volkswagen/jetta,,press_index,press kit 2020-jetta-press-kit,https://media.vw.com/api/press-kits/2020-jetta-press-kit,200,52448,911e5ee4594aad4826833cf824176082ed29376fa30ff48f5a24c9de01745688,2026-10-02T11:50:16+00:00,press/media.vw.com/api/api_press-kits_2020-jetta-press-kit.json.gz,ok,
volkswagen,volkswagen/jetta,,press_index,press kit 2019-jetta-press-kit,https://media.vw.com/api/press-kits/2019-jetta-press-kit,200,40332,fa1251ad9c851d3e00f4bace62b70297fb6d4777ac01c66be63d54b0e4dbf803,2026-10-02T11:50:21+00:00,press/media.vw.com/api/api_press-kits_2019-jetta-press-kit.json.gz,ok,
volkswagen,volkswagen/jetta,,press_index,press kit 2018-jetta-press-kit,https://media.vw.com/api/press-kits/2018-jetta-press-kit,200,35426,ef06ed6aee4de44ea5388fc050644c997389ef7157b37819da7e2fc5472a126e,2026-10-02T11:50:25+00:00,press/media.vw.com/api/api_press-kits_2018-jetta-press-kit.json.gz,ok,
volkswagen,volkswagen/jetta,,press_index,press kit 2017-jetta-press-kit,https://media.vw.com/api/press-kits/2017-jetta-press-kit,200,30002,12a7e138538fd07300b302172426cca2e3912ef421f8631e8006dbecb7530591,2026-10-02T11:50:28+00:00,press/media.vw.com/api/api_press-kits_2017-jetta-press-kit.json.gz,ok,
volkswagen,volkswagen/jetta,,press_index,press kit 2016-jetta-press-kit,https://media.vw.com/api/press-kits/2016-jetta-press-kit,200,49670,9d41e388726cc63f107c48aa96f56e85d603cddfb848892684d7665f8bff745d,2026-10-02T11:50:33+00:00,press/media.vw.com/api/api_press-kits_2016-jetta-press-kit.json.gz,ok,
volkswagen,volkswagen/jetta,,press_index,press kit 2015-jetta-press-kit,https://media.vw.com/api/press-kits/2015-jetta-press-kit,200,46201,59014ae70670d4abb2d936234fd3d031b6db70b2f6ba60777d2cbab23bc7dc3a,2026-10-02T11:50:36+00:00,press/media.vw.com/api/api_press-kits_2015-jetta-press-kit.json.gz,ok,
volkswagen,volkswagen/jetta,,press_index,press kit 2015-jetta-hybrid-press-kit,https://media.vw.com/api/press-kits/2015-jetta-hybrid-press-kit,200,45772,eff7bade5a14911b222cfad2d2f5a5982610c14882d8b45412e55ecb556c0bab,2026-10-02T11:50:41+00:00,press/media.vw.com/api/api_press-kits_2015-jetta-hybrid-press-kit.json.gz,ok,
volkswagen,volkswagen/jetta,,press_index,press kit 2014-jetta-press-kit,https://media.vw.com/api/press-kits/2014-jetta-press-kit,200,31107,4ab7c4a110aeba7fed7175ce24972bb132b4250a213a71eb7f72bc8e50e687fb,2026-10-02T11:50:44+00:00,press/media.vw.com/api/api_press-kits_2014-jetta-press-kit.json.gz,ok,
volkswagen,volkswagen/jetta,,press_index,press kit 2014-jetta-hybrid-press-kit,https://media.vw.com/api/press-kits/2014-jetta-hybrid-press-kit,200,28417,e182004d59986756d1906e9e1efa7730f10630d1cef7b63fb02492ba51781209,2026-10-02T11:50:47+00:00,press/media.vw.com/api/api_press-kits_2014-jetta-hybrid-press-kit.json.gz,ok,
volkswagen,volkswagen/jetta,,press_index,press kit 2013-jetta-press-kit,https://media.vw.com/api/press-kits/2013-jetta-press-kit,200,26619,06cfa86842ef5121d4ad214f4c646d02ff339d1b5b7a568777ce330b8e0d71d7,2026-10-02T11:50:52+00:00,press/media.vw.com/api/api_press-kits_2013-jetta-press-kit.json.gz,ok,
volkswagen,volkswagen/jetta,,press_index,press kit 2012-jetta-press-kit,https://media.vw.com/api/press-kits/2012-jetta-press-kit,200,28494,a8300ea97e907e6572bebcba260e57395acd23f194028a13094520be99e5382d,2026-10-02T11:50:56+00:00,press/media.vw.com/api/api_press-kits_2012-jetta-press-kit.json.gz,ok,
volkswagen,,,robots,robots.txt,https://media.vw.com/robots.txt,200,75,f6f9199c9b855cd434eca2b82415f5b0f851f71cbd82bfc333063fd9b5f12bf9,2026-10-02T11:53:32+00:00,press/media.vw.com/robots.txt.gz,ok,no rule against the pages used
volkswagen,volkswagen/passat,,press_index,releases of passat page 1,https://media.vw.com/api/models/passat/releases?page=1,200,57943,494196f17ec3bcfb847bf6e8cfd6471e9fd6585700f5280b54dea48866004235,2026-10-02T11:53:36+00:00,press/media.vw.com/api/api_models_passat_releases_page_1.json.gz,ok,
volkswagen,volkswagen/passat,,press_index,release 1522 documents: 2021 Volkswagen Passat wins Kelley Blue Book 5-Year Cost to Own Award,https://media.vw.com/api/releases/1522/sidebar-content,200,991,69d2883b634956ae2b1efb92a7845c2c7eb1323e7c4272ec53eb9815f7e31d69,2026-10-02T11:53:40+00:00,press/media.vw.com/api/api_releases_1522_sidebar-content.json.gz,ok,
volkswagen,volkswagen/passat,,press_index,release 1483 documents: 2021 Volkswagen models perform top of segment for lowest maintenance costs accor,https://media.vw.com/api/releases/1483/sidebar-content,200,682,421dbdf22150b2841c4426f62340974ce34b24d70938317ea270006141b3e464,2026-10-02T11:53:43+00:00,press/media.vw.com/api/api_releases_1483_sidebar-content.json.gz,ok,
volkswagen,volkswagen/passat,,press_index,release 1368 documents: Volkswagen announces pricing for model year 2021 vehicles,https://media.vw.com/api/releases/1368/sidebar-content,200,937,ccee09c2ea77d7c3d7723dd0269cec8f155cd5cc618a90a0234530c92738263d,2026-10-02T11:53:45+00:00,press/media.vw.com/api/api_releases_1368_sidebar-content.json.gz,ok,
volkswagen,volkswagen/passat,,press_index,releases of passat page 2,https://media.vw.com/api/models/passat/releases?page=2,200,46893,0ff00da7cc80526bc411f408d9ca5899a365498bdca4bf72b3eea5a8996c0a1e,2026-10-02T11:53:48+00:00,press/media.vw.com/api/api_models_passat_releases_page_2.json.gz,ok,
volkswagen,volkswagen/passat,,press_index,release 1356 documents: New infotainment system enhances the 2021 Volkswagen lineup,https://media.vw.com/api/releases/1356/sidebar-content,200,939,2c5b120f9e8ef9047025662df8160475e0705c2299b9760f66b233dc1bc50ba8,2026-10-02T11:53:51+00:00,press/media.vw.com/api/api_releases_1356_sidebar-content.json.gz,ok,
volkswagen,volkswagen/passat,,press_index,release 1226 documents: Volkswagen announces pricing for new 2020 Passat,https://media.vw.com/api/releases/1226/sidebar-content,200,961,c1b8133465e7dff59e2395016203c753f68c4a1c20d80dcacc4564dd01026d66,2026-10-02T11:53:55+00:00,press/media.vw.com/api/api_releases_1226_sidebar-content.json.gz,ok,
volkswagen,volkswagen/passat,,press_index,releases of passat page 3,https://media.vw.com/api/models/passat/releases?page=3,200,56077,064cf6358d5f790570126a1a3ee4c4095531dd7944ea1264403d795d603ec0d3,2026-10-02T11:54:00+00:00,press/media.vw.com/api/api_models_passat_releases_page_3.json.gz,ok,
volkswagen,volkswagen/passat,,press_index,release 1186 documents: Model year 2020: new technology enhances the Volkswagen lineup,https://media.vw.com/api/releases/1186/sidebar-content,200,984,95fa785220f6790fb09cf21ba8af773a919066a94f75852dfdb33ccac8b6fd9c,2026-10-02T11:54:04+00:00,press/media.vw.com/api/api_releases_1186_sidebar-content.json.gz,ok,
volkswagen,volkswagen/passat,,press_index,release 1115 documents: 2020 Volkswagen Passat makes global debut at the North American International Au,https://media.vw.com/api/releases/1115/sidebar-content,200,1008,ae8dcdacb7e5dda42e70b79a76b919c4eec5c20fe8c333e62f4360c21e9ddebe,2026-10-02T11:54:07+00:00,press/media.vw.com/api/api_releases_1115_sidebar-content.json.gz,ok,
volkswagen,volkswagen/passat,,press_index,release 1075 documents: MODEL YEAR 2019: enhanced enthusiast models and expanded driver-assist feature a,https://media.vw.com/api/releases/1075/sidebar-content,200,990,6bbfb5480f8ff282ba6061e9dd23e5b688f32b2ef9d497ee9f8250c8314ef5c2,2026-10-02T11:54:13+00:00,press/media.vw.com/api/api_releases_1075_sidebar-content.json.gz,ok,
volkswagen,volkswagen/passat,,press_index,releases of passat page 4,https://media.vw.com/api/models/passat/releases?page=4,200,76030,5922fe5c7aab1383dae90378411a92b42e104edb0cca2db59b45822d05991989,2026-10-02T11:54:15+00:00,press/media.vw.com/api/api_models_passat_releases_page_4.json.gz,ok,
volkswagen,volkswagen/passat,,press_index,release 972 documents: VOLKSWAGEN UNVEILS SPORTY 2018 PASSAT GT SPECIAL MODEL AT THE NORTH AMERICAN INT,https://media.vw.com/api/releases/972/sidebar-content,200,1010,c082456fa36b484047e66f4a2276892aa2869b6b87c5e4a36e0748c12b943ffe,2026-10-02T11:54:20+00:00,press/media.vw.com/api/api_releases_972_sidebar-content.json.gz,ok,
volkswagen,volkswagen/passat,,press_index,release 811 documents: Six Volkswagen models earn 2017 TOP SAFETY PICK ratings from the Insurance Insti,https://media.vw.com/api/releases/811/sidebar-content,200,912,4c0275c8156eacc1042091cbe88804b1d674e720e62c12a8a923a781c5f5112b,2026-10-02T11:54:24+00:00,press/media.vw.com/api/api_releases_811_sidebar-content.json.gz,ok,
volkswagen,volkswagen/passat,,press_index,release 758 documents: 2017 Volkswagen Passat: more standard equipment makes for the best Passat yet,https://media.vw.com/api/releases/758/sidebar-content,200,2545,59860f004386a03802287a835c948ec6c7773ebe48a7d73b09b2619a25a238c6,2026-10-02T11:54:28+00:00,press/media.vw.com/api/api_releases_758_sidebar-content.json.gz,ok,
volkswagen,volkswagen/passat,,press_index,release 713 documents: Model year 2017: all-new Golf Alltrack and new Beetle models head the changes,https://media.vw.com/api/releases/713/sidebar-content,200,910,8328c1743296dc2c88171ace1dbfa604ee5837e7d8672bd0d766fb5ba415c0dc,2026-10-02T11:54:31+00:00,press/media.vw.com/api/api_releases_713_sidebar-content.json.gz,ok,
volkswagen,volkswagen/passat,,press_index,releases of passat page 5,https://media.vw.com/api/models/passat/releases?page=5,200,46654,044c94ea7ac4a443c2bf57d72c44cda2f7b7e3a393bbc3dd482343d9e4ba443c,2026-10-02T11:54:36+00:00,press/media.vw.com/api/api_models_passat_releases_page_5.json.gz,ok,
volkswagen,volkswagen/passat,,press_index,release 704 documents: 2016 Passat named Best Midsize Sedan by Cars.com,https://media.vw.com/api/releases/704/sidebar-content,200,926,7fced42c5d9a3c620aa1beb3494d479e38fc7a3f708f02a4b97bd6ac6b831911,2026-10-02T11:54:39+00:00,press/media.vw.com/api/api_releases_704_sidebar-content.json.gz,ok,
volkswagen,volkswagen/passat,,press_index,release 619 documents: 2016 Passat earns a TOP SAFETY PICK+ rating from the Insurance Institute for Hig,https://media.vw.com/api/releases/619/sidebar-content,200,911,d1df88655596d2df7b3080b4a56764297e608c57123fcd3a5491f9cc8d0ee6f6,2026-10-02T11:54:41+00:00,press/media.vw.com/api/api_releases_619_sidebar-content.json.gz,ok,
volkswagen,volkswagen/passat,,press_index,release 595 documents: Volkswagen announces pricing for the new 2016 Passat,https://media.vw.com/api/releases/595/sidebar-content,200,580,1804813a523921aa7271f8b73be990ac934b8c3dbd10cef8682093b7ef969691,2026-10-02T11:54:44+00:00,press/media.vw.com/api/api_releases_595_sidebar-content.json.gz,ok,
volkswagen,volkswagen/passat,,press_index,"release 574 documents: Volkswagen unveils new 2016 Passat with striking design, innovative technology a",https://media.vw.com/api/releases/574/sidebar-content,200,925,2c844fb33434d210310d2d4e2db324f7b1dec0cb6dba8a9c64dd9c8d424942fc,2026-10-02T11:54:47+00:00,press/media.vw.com/api/api_releases_574_sidebar-content.json.gz,ok,
volkswagen,volkswagen/passat,,press_index,releases of passat page 6,https://media.vw.com/api/models/passat/releases?page=6,200,61739,44b6ac046e8298bcb509da69debbfe06ccf1a0a9477626785f07a5e2282659f1,2026-10-02T11:54:53+00:00,press/media.vw.com/api/api_models_passat_releases_page_6.json.gz,ok,
volkswagen,volkswagen/passat,,press_index,release 547 documents: Model year 2016: infotainment technology and driver assistance features head the,https://media.vw.com/api/releases/547/sidebar-content,200,922,6dcb9f7b793dd35f2c0566cbd62bc9c76ddc99219f89fe2a0c60d26afcd1abf5,2026-10-02T11:54:58+00:00,press/media.vw.com/api/api_releases_547_sidebar-content.json.gz,ok,
volkswagen,volkswagen/passat,,press_index,release 455 documents: Volkswagen releases pricing on 2015 Passat Limited Edition model,https://media.vw.com/api/releases/455/sidebar-content,200,593,c58e27824899aa8fc8fefcd2ad387db677be1271849fba31f74014e3f616fdeb,2026-10-02T11:55:03+00:00,press/media.vw.com/api/api_releases_455_sidebar-content.json.gz,ok,
volkswagen,volkswagen/passat,,press_index,"release 349 documents: 2015 Volkswagen Passat: Built in America, for America",https://media.vw.com/api/releases/349/sidebar-content,200,1710,1e15cd40c20ec8e3694459c2bc1c35f5a3c5140653c0892a23256c77ec36c275,2026-10-02T11:55:06+00:00,press/media.vw.com/api/api_releases_349_sidebar-content.json.gz,ok,
volkswagen,volkswagen/passat,,press_index,releases of passat page 7,https://media.vw.com/api/models/passat/releases?page=7,200,33596,142d022ce35888f80ed6d9da0e68dbccf41bb932fa7f6691b958849f523e8299,2026-10-02T11:55:10+00:00,press/media.vw.com/api/api_models_passat_releases_page_7.json.gz,ok,
volkswagen,volkswagen/passat,,press_index,release 138 documents: Volkswagen announces pricing for 2014 Passat Sport,https://media.vw.com/api/releases/138/sidebar-content,200,644,55a9593018813593c9048eb9f96d56ce22279149a982111f452ee99d07e9c65a,2026-10-02T11:55:14+00:00,press/media.vw.com/api/api_releases_138_sidebar-content.json.gz,ok,
volkswagen,volkswagen/passat,,press_index,releases of passat page 8,https://media.vw.com/api/models/passat/releases?page=8,200,35949,68759dd8a7f90c461df697dc25960a3f95517a9d466ff108228e4577d8290483,2026-10-02T11:55:19+00:00,press/media.vw.com/api/api_models_passat_releases_page_8.json.gz,ok,
volkswagen,volkswagen/passat,,press_index,"release 109 documents: Model year 2014: More efficient, downsized engines and an extended R-Line range ",https://media.vw.com/api/releases/109/sidebar-content,200,564,212ac2590be4dd30622cc6294cbfb270a50c51b26f9d4b8b2b938b07c1764d3e,2026-10-02T11:55:22+00:00,press/media.vw.com/api/api_releases_109_sidebar-content.json.gz,ok,
volkswagen,volkswagen/arteon,,press_index,releases of arteon page 1,https://media.vw.com/api/models/arteon/releases?page=1,200,57983,d20901490072ba622a9a4772a2d93a1487e3034620755cbe7c78699d0ef32fc3,2026-10-02T11:55:26+00:00,press/media.vw.com/api/api_models_arteon_releases_page_1.json.gz,ok,
volkswagen,volkswagen/arteon,,press_index,"release 1758 documents: Led by refreshed Atlas, Volkswagen continues to democratize technology with its ",https://media.vw.com/api/releases/1758/sidebar-content,200,1003,6c1e10a254e6d3ba1b2724b37c512bdd9868b7e239274691a184f8eaab5d2f06,2026-10-02T11:55:30+00:00,press/media.vw.com/api/api_releases_1758_sidebar-content.json.gz,ok,
volkswagen,volkswagen/arteon,,press_index,release 1682 documents: 2022 Volkswagen Arteon named a TOP SAFETY PICK by the Insurance Institute for Hi,https://media.vw.com/api/releases/1682/sidebar-content,200,986,07d93ba8266e77e4a9363e0e922a885289ad6cba32311c1f6ea50ff5d9291d55,2026-10-02T11:55:34+00:00,press/media.vw.com/api/api_releases_1682_sidebar-content.json.gz,ok,
volkswagen,volkswagen/arteon,,press_index,release 1582 documents: Democratization of technology features across the 2022 Volkswagen lineup,https://media.vw.com/api/releases/1582/sidebar-content,200,948,dacc862c1e76eedfe512ebb9cbe848541b11c5effa66168e281b358bb6acc6ef,2026-10-02T11:55:37+00:00,press/media.vw.com/api/api_releases_1582_sidebar-content.json.gz,ok,
volkswagen,volkswagen/arteon,,press_index,releases of arteon page 2,https://media.vw.com/api/models/arteon/releases?page=2,200,85963,ffcf741cbe643b3cf33546cf0ab5465fe2819cf01ce91c677eacfee8dfeec2b6,2026-10-02T11:55:39+00:00,press/media.vw.com/api/api_models_arteon_releases_page_2.json.gz,ok,
volkswagen,volkswagen/arteon,,press_index,release 1508 documents: Volkswagen Arteon named a 2021 TOP SAFETY PICK by the Insurance Institute for Hi,https://media.vw.com/api/releases/1508/sidebar-content,200,990,33ce727354b7aaf05fceb48f14e39c664d46a1969ac7b710c7bd58560d7e7b6c,2026-10-02T11:55:43+00:00,press/media.vw.com/api/api_releases_1508_sidebar-content.json.gz,ok,
volkswagen,volkswagen/arteon,,press_index,release 1432 documents: 2021 Arteon: a brand halo evolved and sharpened,https://media.vw.com/api/releases/1432/sidebar-content,200,2581,c73e87acf02a3a8a3d4d82e430bd525515ec607c69ac0cde37bbdcde7b97e430,2026-10-02T11:55:46+00:00,press/media.vw.com/api/api_releases_1432_sidebar-content.json.gz,ok,
volkswagen,volkswagen/arteon,,press_index,release 1411 documents: Volkswagen announces pricing for 2021 Arteon,https://media.vw.com/api/releases/1411/sidebar-content,200,942,5f88f12f79f8ccc9d57e03cb9235d81af4c63c2bba460aba79717efb9e38dfba,2026-10-02T11:55:51+00:00,press/media.vw.com/api/api_releases_1411_sidebar-content.json.gz,ok,
volkswagen,volkswagen/arteon,,press_index,releases of arteon page 3,https://media.vw.com/api/models/arteon/releases?page=3,200,41491,145a6de62cbc98125d652fff9c0d28881e14bb68476515afb88b32c72656e028,2026-10-02T11:55:54+00:00,press/media.vw.com/api/api_models_arteon_releases_page_3.json.gz,ok,
volkswagen,volkswagen/arteon,,press_index,release 1359 documents: Volkswagen to offer SiriusXM® with 360L in 2021 model year vehicles,https://media.vw.com/api/releases/1359/sidebar-content,200,940,334e7992009a6e8b64953192baa6a14e55e354fafb1e0fcb4648fdeec1a3837a,2026-10-02T11:55:58+00:00,press/media.vw.com/api/api_releases_1359_sidebar-content.json.gz,ok,
volkswagen,volkswagen/arteon,,press_index,release 1340 documents: 2021 Volkswagen Arteon world premiere,https://media.vw.com/api/releases/1340/sidebar-content,200,911,48ceb70bd9cac804147969d6be2d2b6d36cfb811de973db4ef23f1059043306f,2026-10-02T11:56:03+00:00,press/media.vw.com/api/api_releases_1340_sidebar-content.json.gz,ok,
volkswagen,volkswagen/arteon,,press_index,release 1327 documents: 2021 Arteon set to premiere June 24th,https://media.vw.com/api/releases/1327/sidebar-content,200,895,757c05463748ebf8f9c640073bb80b46a24c63ecda6319d0e73cc03e2dbe9002,2026-10-02T11:56:07+00:00,press/media.vw.com/api/api_releases_1327_sidebar-content.json.gz,ok,
volkswagen,volkswagen/arteon,,press_index,releases of arteon page 4,https://media.vw.com/api/models/arteon/releases?page=4,200,50047,0846227ecf4cea871085f3205e162ab4dea2e2fc864feca011092606446a2349,2026-10-02T11:56:12+00:00,press/media.vw.com/api/api_models_arteon_releases_page_4.json.gz,ok,
volkswagen,volkswagen/arteon,,press_index,release 1159 documents: Volkswagen debuts 2019 enthusiast fleet at SOWO: The European Experience,https://media.vw.com/api/releases/1159/sidebar-content,200,972,f66c45f10461daad11552ae653b48391b4b2e4d85b964e5ed65c441b6c1d93cd,2026-10-02T11:56:15+00:00,press/media.vw.com/api/api_releases_1159_sidebar-content.json.gz,ok,
volkswagen,volkswagen/arteon,,press_index,release 1134 documents: Volkswagen announces pricing of the all-new 2019 Arteon,https://media.vw.com/api/releases/1134/sidebar-content,200,934,509a212edcde9675e4b7b1477fe809a8964a655e0f22958d18190f16a943b7fe,2026-10-02T11:56:19+00:00,press/media.vw.com/api/api_releases_1134_sidebar-content.json.gz,ok,
volkswagen,volkswagen/arteon,,press_index,releases of arteon page 5,https://media.vw.com/api/models/arteon/releases?page=5,200,41052,7703e95ba8678ca225f4fa9352b9dc6dbe1b9bbdec4c873477b96312c3ab018e,2026-10-02T11:56:23+00:00,press/media.vw.com/api/api_models_arteon_releases_page_5.json.gz,ok,
volkswagen,volkswagen/arteon,,press_index,release 1069 documents: Volkswagen donates 2019 Arteon to charity during Pebble Beach Concours d'Eleganc,https://media.vw.com/api/releases/1069/sidebar-content,200,1007,f53b0f972c4310edc46a3cd6b9dc46cc8bfc18d0861dfd7783f8394517f713b0,2026-10-02T11:56:26+00:00,press/media.vw.com/api/api_releases_1069_sidebar-content.json.gz,ok,
volkswagen,volkswagen/arteon,,press_index,release 999 documents: VOLKSWAGEN INTRODUCES PERFORMANCE-INSPIRED R-LINE® APPEARANCE PACKAGE ON ALL-NEW,https://media.vw.com/api/releases/999/sidebar-content,200,970,05e1fa801c76262733a0ff10748de4c427d72e1ce9ba8954dc175af64e215942,2026-10-02T11:56:31+00:00,press/media.vw.com/api/api_releases_999_sidebar-content.json.gz,ok,
volkswagen,volkswagen/arteon,,press_index,release 981 documents: ALL-NEW 2019 VOLKSWAGEN ARTEON MAKES U.S. DEBUT AT THE CHICAGO AUTO SHOW,https://media.vw.com/api/releases/981/sidebar-content,200,1687,24a79ca7f0fa225f0e8d48801463bdb1a01210946d30b8db87d9791adfcb7b38,2026-10-02T11:56:35+00:00,press/media.vw.com/api/api_releases_981_sidebar-content.json.gz,ok,
volkswagen,volkswagen/arteon,,press_index,releases of arteon page 6,https://media.vw.com/api/models/arteon/releases?page=6,200,4729,0e07ba62d65b697a0d67c6b98ea5b26fb6a8c53bd138a02f866cab4d62b0c0e2,2026-10-02T11:56:39+00:00,press/media.vw.com/api/api_models_arteon_releases_page_6.json.gz,ok,
volkswagen,volkswagen/atlas,2026,press_specifications,2026 Atlas Technical Specifications,https://media.vw.com/assets/applications/original/19467-2026-atlas-tech-specs-final.pdf,200,108104,67e07c3287efb5cc2fff1d24921d578d1b616172206638f5ec1c0c3fb734a9dd,2026-10-02T11:56:44+00:00,press/media.vw.com/19467-2026-atlas-tech-specs-final.pdf,ok,"line named in the document title; year from the title; published Aug 4, 2025; found on: model page atlas; 2 PDF pages"
volkswagen,volkswagen/jetta,2026,press_specifications,2026 Jetta GLI Technical Specs,https://media.vw.com/assets/applications/original/19496-2026-jetta-gli-technical-specs-final.pdf,200,108964,42901b8b40c31e7d03e59e5e7b98d792b4b61decabf3d3af18526c5266f02f6d,2026-10-02T11:56:47+00:00,press/media.vw.com/19496-2026-jetta-gli-technical-specs-final.pdf,ok,"line named in the document title; year from the title; published Sep 11, 2025; found on: 2026 Jetta / Jetta GLI Press Kit; model page jetta; model page jetta-gli; 2 PDF pages"
volkswagen,volkswagen/tiguan,2026,press_specifications,2026 Tiguan Technical Specifications,https://media.vw.com/assets/applications/original/19768-2026-tiguan-technical-specifications-final-v2.pdf,200,116391,c6c8f32eabf8633fccec90c0465dcb2d054e2cff0103d2b378c266ef6d4e46ab,2026-10-02T11:56:50+00:00,press/media.vw.com/19768-2026-tiguan-technical-specifications-final-v2.pdf,ok,"line named in the document title; year from the title; published Feb 12, 2026; found on: 2026 Tiguan Press Kit; model page tiguan; 2 PDF pages"
volkswagen,volkswagen/tiguan,2025,press_specifications,2025 Tiguan Technical Specifications,https://media.vw.com/assets/applications/original/19770-2025-tiguan-technical-specifications-final-v3-removed-variable-valve-timing.pdf,200,112443,560b655cccba5d50f9b2a2c3e5416525ef9dae1b2c31e8d903098138fa810a5b,2026-10-02T11:56:56+00:00,press/media.vw.com/19770-2025-tiguan-technical-specifications-final-v3-removed-variable-valve-timing.pdf,ok,"line named in the document title; year from the title; published Feb 12, 2026; found on: 2025 Tiguan Press Kit; model page tiguan; 2 PDF pages"
volkswagen,volkswagen/atlas,2026,press_specifications,2026 Atlas Technical Specifications,https://media.vw.com/assets/applications/original/19808-2026-atlas-tech-specs-final-towing-update.pdf,200,115252,90959a4cf9b477082643bf9ec0a407c2ab7770ad253fb7ca4af82863e3b346e6,2026-10-02T11:57:02+00:00,press/media.vw.com/19808-2026-atlas-tech-specs-final-towing-update.pdf,ok,"line named in the document title; year from the title; published Mar 24, 2026; found on: 2026 Atlas Press Kit; model page atlas; 2 PDF pages"
volkswagen,volkswagen/jetta,2026,press_specifications,2026 Jetta Technical Specifications,https://media.vw.com/assets/applications/original/19975-2026-jetta-technical-specs-final-updated-fuel-tank.pdf,200,88224,674224159550fdf90fe4a27596a400109a69fde4831af37d6ba946e0c11896b9,2026-10-02T11:57:06+00:00,press/media.vw.com/19975-2026-jetta-technical-specs-final-updated-fuel-tank.pdf,ok,"line named in the document title; year from the title; published Jun 12, 2026; found on: 2026 Jetta / Jetta GLI Press Kit; model page jetta; 2 PDF pages"
volkswagen,volkswagen/tiguan,2020,press_specifications,2020 Tiguan Technical Specifications,https://media.vw.com/assets/documents/original/10288-2020TiguanTechSpecsFINAL.pdf,200,113292,0938826aea88a3af96bc9a9bbe4b37fe1465ca901f0406144f4d0e5eb736ab00,2026-10-02T11:57:09+00:00,press/media.vw.com/10288-2020TiguanTechSpecsFINAL.pdf,ok,"line named in the document title; year from the title; published Oct 3, 2019; found on: 2020 Tiguan Press Kit; 2 PDF pages"
volkswagen,volkswagen/atlas,2021,press_specifications,2021 Atlas Technical Specifications,https://media.vw.com/assets/documents/original/11353-2021AtlasTechSpecsFINAL.pdf,200,123146,e3323d1263d889bfd8c5e06041e127d4e1c6158be04385d9f5012a980d47122f,2026-10-02T11:57:12+00:00,press/media.vw.com/11353-2021AtlasTechSpecsFINAL.pdf,ok,"line named in the document title; year from the title; published Apr 6, 2020; found on: 2021 Atlas Press Kit; 2 PDF pages"
volkswagen,volkswagen/atlas,2020,press_specifications,2020 Atlas Technical Specifications,https://media.vw.com/assets/documents/original/11407-2020AtlasTechnicalSpecificationsFINAL.pdf,200,117024,e29c84c48ceec50a69d0c900a8a6405c2a6bc80782b044d022a76aecb071b1a7,2026-10-02T11:57:19+00:00,press/media.vw.com/11407-2020AtlasTechnicalSpecificationsFINAL.pdf,ok,"line named in the document title; year from the title; published Apr 14, 2020; found on: 2020 Atlas Press Kit; 2 PDF pages"
volkswagen,volkswagen/jetta,2020,press_specifications,2020 Jetta Technical Specifications,https://media.vw.com/assets/documents/original/11412-2020JettaTechSpecsFINAL.pdf,200,84305,d773d27eb9d57c5416039b0b9c6026c695f91ea9ab9f53225c7d6d1f34601c73,2026-10-02T11:57:21+00:00,press/media.vw.com/11412-2020JettaTechSpecsFINAL.pdf,ok,"line named in the document title; year from the title; published Apr 14, 2020; found on: 2020 Jetta Press Kit; 2 PDF pages"
volkswagen,volkswagen/jetta,2020,press_specifications,2020 Jetta GLI Technical Specifications,https://media.vw.com/assets/documents/original/11419-2020JettaGLITechSpecsFINAL.pdf,200,84942,332ce9255faa9330107415e9526b25fe3ae9a3ff94efeb779522119a3acaeff3,2026-10-02T11:57:25+00:00,press/media.vw.com/11419-2020JettaGLITechSpecsFINAL.pdf,ok,"line named in the document title; year from the title; published Apr 14, 2020; found on: 2020 Jetta GLI Press Kit; 2 PDF pages"
volkswagen,volkswagen/jetta,2021,press_specifications,2021 Jetta Technical Specifications,https://media.vw.com/assets/documents/original/12389-2021JettaTechSpecsFINAL.pdf,200,84802,b3035241e4d6de590cb52f975bad4844331ada18ed7b186aeab8ef6ac2c4e14e,2026-10-02T11:57:29+00:00,press/media.vw.com/12389-2021JettaTechSpecsFINAL.pdf,ok,"line named in the document title; year from the title; published Oct 26, 2020; found on: 2021 Jetta Press Kit; 2 PDF pages"
volkswagen,volkswagen/tiguan,2021,press_specifications,2021 Tiguan Technical Specifications,https://media.vw.com/assets/documents/original/12397-2021TiguanTechSpecsFinal.pdf,200,102924,45ea3a0d37797f3e55577fb101882f0423929ca605e94016c02aec0dee3cfaee,2026-10-02T11:57:32+00:00,press/media.vw.com/12397-2021TiguanTechSpecsFinal.pdf,ok,"line named in the document title; year from the title; published Oct 26, 2020; found on: 2021 Tiguan Press Kit; 2 PDF pages"
volkswagen,volkswagen/atlas,2021,press_specifications,2021.5 Atlas Technical Specifications,https://media.vw.com/assets/documents/original/12407-20215AtlasTechSpecsFINAL.pdf,200,122487,e4271a7bc0803ea842cc1908d918d69abb1dc442bfd56cbd4c5d0cefd7140b1d,2026-10-02T11:57:37+00:00,press/media.vw.com/12407-20215AtlasTechSpecsFINAL.pdf,ok,"line named in the document title; year from the title; published Oct 27, 2020; found on: 2021.5 Atlas Press Kit; 2 PDF pages"
volkswagen,volkswagen/arteon,2021,press_specifications,2021 Arteon Technical Specifications,https://media.vw.com/assets/documents/original/12496-2021ArteonTechSpecsFINAL.pdf,200,102289,a02b3af5fd1a4c7fbeeec04348a514b779e92c08fd44a7ea012130b6a6acad2a,2026-10-02T11:57:41+00:00,press/media.vw.com/12496-2021ArteonTechSpecsFINAL.pdf,ok,"line named in the document title; year from the title; published Dec 2, 2020; found on: 2021 Arteon: a brand halo evolved and sharpened; 2 PDF pages"
volkswagen,volkswagen/jetta,2021,press_specifications,2021 Jetta GLI Technical Specifications,https://media.vw.com/assets/documents/original/12875-2021JettaGLITechSpecsFINAL.pdf,200,85318,d415e4bba5457f4ef209044aa5d5489c6508de565028b144aa7251a16bf10817,2026-10-02T11:57:44+00:00,press/media.vw.com/12875-2021JettaGLITechSpecsFINAL.pdf,ok,"line named in the document title; year from the title; published Dec 16, 2020; found on: 2021 Jetta GLI Press Kit; 2 PDF pages"
volkswagen,volkswagen/tiguan,2022,press_specifications,2022 Tiguan Technical Specifications,https://media.vw.com/assets/documents/original/14641-2022TiguanTechnicalSpecsFinalv2.pdf,200,66373,e83e52c01f46f5adba002502caceef119bff1a22e8003068f1775a5d7d389c7c,2026-10-02T11:57:48+00:00,press/media.vw.com/14641-2022TiguanTechnicalSpecsFinalv2.pdf,ok,"line named in the document title; year from the title; published Oct 30, 2021; found on: 2022 Tiguan Press Kit; 2 PDF pages"
volkswagen,volkswagen/atlas,2022,press_specifications,2022 Atlas Technical Specifications,https://media.vw.com/assets/documents/original/14656-2022AtlasTechSpecsFinalv2.pdf,200,71982,dd855dea3c8dcf0888f3d50d6e113d716a4f684ff84e7123b793a9e3fcfb52e2,2026-10-02T11:57:53+00:00,press/media.vw.com/14656-2022AtlasTechSpecsFinalv2.pdf,ok,"line named in the document title; year from the title; published Oct 30, 2021; found on: 2022 Atlas Press Kit; 2 PDF pages"
volkswagen,volkswagen/passat,2022,press_specifications,2022 Passat Technical Specifications,https://media.vw.com/assets/documents/original/14662-2022PassatTechnicalSpecsFinalv2.pdf,200,60958,5ac8113464ee9a44ca1f81fe0909ecda3d76cb3cdd79a4a7d6c0a3ec9d306804,2026-10-02T11:57:56+00:00,press/media.vw.com/14662-2022PassatTechnicalSpecsFinalv2.pdf,ok,"line named in the document title; year from the title; published Oct 30, 2021; found on: 2022 Passat Press Kit; 2 PDF pages"
volkswagen,volkswagen/jetta,2022,press_specifications,2022 Jetta Technical Specifications,https://media.vw.com/assets/documents/original/15238-2022JettaTechnicalSpecsFINAL.pdf,200,63666,6b4df4f16aad234146db67878ffe49ba9aa2ae9754224d28061d4fb3a88e1d14,2026-10-02T11:57:59+00:00,press/media.vw.com/15238-2022JettaTechnicalSpecsFINAL.pdf,ok,"line named in the document title; year from the title; published Feb 9, 2022; found on: 2022 Jetta / Jetta GLI Press Kit; 2 PDF pages"
volkswagen,volkswagen/arteon,2023,press_specifications,2023 Arteon Technical Specifications,https://media.vw.com/assets/documents/original/15686-2023ArteonTechnicalSpecsFINAL.pdf,200,41025,b668317c6c3d3c3e995dadc31ec49b13cac184d0442713fb8ae1d6bbf726142f,2026-10-02T11:58:06+00:00,press/media.vw.com/15686-2023ArteonTechnicalSpecsFINAL.pdf,ok,"line named in the document title; year from the title; published Jul 28, 2022; found on: 2023 Arteon Press Kit; 2 PDF pages"
volkswagen,volkswagen/jetta,2022,press_specifications,2022 Jetta GLI Technical Specifications,https://media.vw.com/assets/documents/original/15722-2022JettaGLITechnicalSpecsFinalv4updatedrearbrakes.pdf,200,37324,999597441a9c880ef346474bd721b9970d05ccbe968aa4bc4b0800d37b5d0223,2026-10-02T11:58:12+00:00,press/media.vw.com/15722-2022JettaGLITechnicalSpecsFinalv4updatedrearbrakes.pdf,ok,"line named in the document title; year from the title; published Aug 2, 2022; found on: 2022 Jetta / Jetta GLI Press Kit; 2 PDF pages"
volkswagen,volkswagen/tiguan,2023,press_specifications,2023 Tiguan Technical Specifications,https://media.vw.com/assets/documents/original/15725-2023TiguanTechnicalSpecsFinalv2FWDMPG.pdf,200,42328,ca55f3d4cd73d1b0097c8a86dab28b8ac0740a6fb671c8f994b1e18e8ddac9e1,2026-10-02T11:58:16+00:00,press/media.vw.com/15725-2023TiguanTechnicalSpecsFinalv2FWDMPG.pdf,ok,"line named in the document title; year from the title; published Aug 2, 2022; found on: 2023 Tiguan Press Kit; 2 PDF pages"
volkswagen,volkswagen/atlas,2023,press_specifications,2023 Atlas Technical Specifications,https://media.vw.com/assets/documents/original/15748-2023AtlasTechSpecsFINALv2updatedweights.pdf,200,47034,d17ade2431983d2b18bce476a5adbc6371ed457bb1efe8a2f803391c859996fa,2026-10-02T11:58:21+00:00,press/media.vw.com/15748-2023AtlasTechSpecsFINALv2updatedweights.pdf,ok,"line named in the document title; year from the title; published Aug 8, 2022; found on: 2023 Atlas Press Kit; 2 PDF pages"
volkswagen,volkswagen/jetta,2023,press_specifications,2023 Jetta Technical Specifications,https://media.vw.com/assets/documents/original/15933-2023JettaTechnicalSpecsFINALv2weightsupdate.pdf,200,38424,0edc849ea42347df6e6d3ccf00161862e3eaf83eb875d43bc01619cd7cd11db7,2026-10-02T11:58:26+00:00,press/media.vw.com/15933-2023JettaTechnicalSpecsFINALv2weightsupdate.pdf,ok,"line named in the document title; year from the title; published Sep 16, 2022; found on: 2023 Jetta / Jetta GLI Press Kit; 2 PDF pages"
volkswagen,volkswagen/jetta,2023,press_specifications,2023 Jetta GLI Technical Specifications,https://media.vw.com/assets/documents/original/16514-2023JettaGLITechnicalSpecsFINAL.pdf,200,37450,6d174a7a74b7dd5f5bd9d73a9aec2c81a40fb9bd009d49343d6b843b2088ad8c,2026-10-02T11:58:30+00:00,press/media.vw.com/16514-2023JettaGLITechnicalSpecsFINAL.pdf,ok,"line named in the document title; year from the title; published May 1, 2023; found on: 2023 Jetta / Jetta GLI Press Kit; 2 PDF pages"
volkswagen,volkswagen/atlas,2024,press_specifications,2024 Atlas Technical Specifications,https://media.vw.com/assets/documents/original/17076-2024AtlasTechSpecsFinalv2.pdf,200,46610,a74ded5b6247a0b401f79644d945688379738d9284922dd2d17c8dbdcec6ccca,2026-10-02T11:58:36+00:00,press/media.vw.com/17076-2024AtlasTechSpecsFinalv2.pdf,ok,"line named in the document title; year from the title; published Jul 12, 2023; found on: 2024 Atlas Press Kit; 2 PDF pages"
volkswagen,volkswagen/jetta,2024,press_specifications,2024 Jetta GLI Technical Specifications,https://media.vw.com/assets/documents/original/17293-2024JettaGLITechnicalSpecsFINAL.pdf,200,142480,ae2dbff11b1e0219f2945335f2b2f4352bd6d4ede7248166cbbf406ae64b924f,2026-10-02T11:58:40+00:00,press/media.vw.com/17293-2024JettaGLITechnicalSpecsFINAL.pdf,ok,"line named in the document title; year from the title; published Sep 11, 2023; found on: 2024 Jetta / Jetta GLI Press Kit; 2 PDF pages"
volkswagen,volkswagen/jetta,2024,press_specifications,2024 Jetta Technical Specifications,https://media.vw.com/assets/documents/original/17297-2024JettaTechnicalSpecsFINAL.pdf,200,124982,cbef6c8d1eb52cd983129f170f2ef95118f478050d78d4740ebdc298e1e42205,2026-10-02T11:58:45+00:00,press/media.vw.com/17297-2024JettaTechnicalSpecsFINAL.pdf,ok,"line named in the document title; year from the title; published Sep 11, 2023; found on: 2024 Jetta / Jetta GLI Press Kit; 2 PDF pages"
volkswagen,volkswagen/tiguan,2024,press_specifications,2024 Tiguan Technical Specifications,https://media.vw.com/assets/documents/original/17298-2024TiguanTechnicalSpecsFINAL.pdf,200,120117,8bb28a9e1c4f7a91063be77dd7ea34ab9987a52190cf82cfe7a09c1a86b8e8f2,2026-10-02T11:58:49+00:00,press/media.vw.com/17298-2024TiguanTechnicalSpecsFINAL.pdf,ok,"line named in the document title; year from the title; published Sep 11, 2023; found on: 2024 Tiguan Press Kit; 2 PDF pages"
volkswagen,volkswagen/jetta,2025,press_specifications,2025 Jetta GLI Technical Specs,https://media.vw.com/assets/documents/original/17906-2025JettaGLITechnicalSpecs.pdf,200,87250,f1adae3deac895494f8e4d07c62cf8c3c5100e6b1140e3f44f88ca6fc0100ee9,2026-10-02T11:58:53+00:00,press/media.vw.com/17906-2025JettaGLITechnicalSpecs.pdf,ok,"line named in the document title; year from the title; published Sep 3, 2024; found on: 2025 Jetta / Jetta GLI Press Kit; 2 PDF pages"
volkswagen,volkswagen/jetta,2025,press_specifications,2025 Jetta Technical Specs,https://media.vw.com/assets/documents/original/17907-2025JettaTechnicalSpecs.pdf,200,89227,16cdd19038bcc7a350dfe5f1324e789d223a1e2dd3a80610637586dd4ec82028,2026-10-02T11:58:56+00:00,press/media.vw.com/17907-2025JettaTechnicalSpecs.pdf,ok,"line named in the document title; year from the title; published Sep 3, 2024; found on: 2025 Jetta / Jetta GLI Press Kit; 2 PDF pages"
volkswagen,volkswagen/atlas,2025,press_specifications,2025 Atlas Technical Specifications,https://media.vw.com/assets/documents/original/18049-2025AtlasTechSpecsFINAL.pdf,200,252327,fd879fc0f8a951c96eb9cf072f1d97189ef47a711d62c4a49b36ff014cc7935c,2026-10-02T11:59:02+00:00,press/media.vw.com/18049-2025AtlasTechSpecsFINAL.pdf,ok,"line named in the document title; year from the title; published Oct 14, 2024; found on: 2025 Atlas Press Kit; 2 PDF pages"
volkswagen,volkswagen/passat,2015,press_specifications,2015 Passat Specifications,https://media.vw.com/assets/documents/original/391-172772960553fe034217d6e.pdf,200,45168,4a57f8b7e42a06af68a10aee567d85016da0f0162b0b3bd913d8036b4b7bd176,2026-10-02T11:59:08+00:00,press/media.vw.com/391-172772960553fe034217d6e.pdf,ok,"line named in the document title; year from the title; published Aug 27, 2014; found on: 2015 Volkswagen Passat: Built in America, for America; 2 PDF pages"
volkswagen,volkswagen/jetta,2014,press_specifications,2014 Jetta SportWagen Technical Specifications,https://media.vw.com/assets/documents/original/6189-99422674852e28703ae7e8.pdf,200,38282,0fb78ecb60f60e20d60d952a03e2005b843e97ad7d9f7b142b500218c31efdfe,2026-10-02T11:59:14+00:00,press/media.vw.com/6189-99422674852e28703ae7e8.pdf,ok,"line named in the document title; year from the title; published Jan 24, 2014; found on: 2014 JETTA SPORTWAGEN PRESS KIT; 2 PDF pages"
volkswagen,volkswagen/touareg,2014,press_specifications,2014 Touareg Technical Specifications,https://media.vw.com/assets/documents/original/6191-78354275952e28a4ace7ae.pdf,200,46907,34a5e411c0fa88ed7f2a104479e19dd38e09dc646290eba9af09714b3ac69d02,2026-10-02T11:59:18+00:00,press/media.vw.com/6191-78354275952e28a4ace7ae.pdf,ok,"line named in the document title; year from the title; published Jan 24, 2014; found on: 2014 Touareg Press Kit; 2 PDF pages"
volkswagen,volkswagen/tiguan,2014,press_specifications,2014 Tiguan Technical Specifications,https://media.vw.com/assets/documents/original/6193-12330026725347f730cef29.pdf,200,102864,8171e3bbe18b64d6bc6288b159d3d02e565664cae79fc0bc1cdec3189c6d9e26,2026-10-02T11:59:23+00:00,press/media.vw.com/6193-12330026725347f730cef29.pdf,ok,"line named in the document title; year from the title; published Apr 11, 2014; found on: 2014 Tiguan Press Kit; 2 PDF pages"
volkswagen,volkswagen/jetta,2014,press_specifications,2014 Jetta Hybrid Technical Specifications,https://media.vw.com/assets/documents/original/6261-7992308535390d42a57821.pdf,200,91441,600137438faa891b0484458349e347ef1c7f378dc0fe9e2d0398145b11ac0cea,2026-10-02T11:59:28+00:00,press/media.vw.com/6261-7992308535390d42a57821.pdf,ok,"line named in the document title; year from the title; published Jun 5, 2014; found on: 2014 Jetta Hybrid Press Kit; 2 PDF pages"
volkswagen,volkswagen/jetta,2014,press_specifications,2014 Jetta GLI Technical Specifications,https://media.vw.com/assets/documents/original/6262-457516441539b0129c7b39.pdf,200,28949,2842b69f1e8aab517c94266c3720d452171f22bad3642c4eef53dda73d525c01,2026-10-02T11:59:31+00:00,press/media.vw.com/6262-457516441539b0129c7b39.pdf,ok,"line named in the document title; year from the title; published Jun 13, 2014; found on: 2014 Jetta Press Kit; 2 PDF pages"
volkswagen,volkswagen/jetta,2014,press_specifications,2014 Jetta Technical Specifications,https://media.vw.com/assets/documents/original/6263-1209747333539b0131284a8.pdf,200,45975,ecdd49aca8d8f5f0251ed5238d7a1dc31dbfa551b2814c8dccc580aeaab8ad8d,2026-10-02T11:59:36+00:00,press/media.vw.com/6263-1209747333539b0131284a8.pdf,ok,"line named in the document title; year from the title; published Jun 13, 2014; found on: 2014 Jetta Press Kit; 2 PDF pages"
volkswagen,volkswagen/jetta,2014,press_specifications,2014 Jetta GLI Technical Specifications,https://media.vw.com/assets/documents/original/6264-670964261539b0182e5be1.pdf,200,28949,2842b69f1e8aab517c94266c3720d452171f22bad3642c4eef53dda73d525c01,2026-10-02T11:59:39+00:00,press/media.vw.com/6264-670964261539b0182e5be1.pdf,ok,"line named in the document title; year from the title; published Jun 13, 2014; found on: 2014 Jetta GLI Press Kit; 2 PDF pages"
volkswagen,volkswagen/jetta,2015,press_specifications,2015 Jetta Specifications,https://media.vw.com/assets/documents/original/6314-10964993754eb40fe1274c.pdf,200,45418,96b3fce16291ddaca448e68b40824acfa502821d5367df11a0b74f70296080d6,2026-10-02T11:59:45+00:00,press/media.vw.com/6314-10964993754eb40fe1274c.pdf,ok,"line named in the document title; year from the title; published Feb 23, 2015; found on: 2015 Jetta Press Kit; 2 PDF pages"
volkswagen,volkswagen/tiguan,2015,press_specifications,2015 Tiguan Specifications,https://media.vw.com/assets/documents/original/6317-124835350954eb41711bedc.pdf,200,99658,e2e7198ed37dc3eb1f3ae1f4c4709ea0cdeb44a6e133644c31e7368e637f555f,2026-10-02T11:59:51+00:00,press/media.vw.com/6317-124835350954eb41711bedc.pdf,ok,"line named in the document title; year from the title; published Feb 23, 2015; found on: 2015 Tiguan Press Kit; 2 PDF pages"
volkswagen,volkswagen/touareg,2015,press_specifications,2015 Touareg Specifications,https://media.vw.com/assets/documents/original/6318-171126240654eb418b39121.pdf,200,48242,fd3a4d821061f7dcb4d63f4e35f81981558b5d9bf9aa037bbd4c4230bdb0cae5,2026-10-02T11:59:56+00:00,press/media.vw.com/6318-171126240654eb418b39121.pdf,ok,"line named in the document title; year from the title; published Feb 23, 2015; found on: 2015 Touareg Press Kit; 2 PDF pages"
volkswagen,volkswagen/jetta,2015,press_specifications,2015 Jetta GLI Specifications,https://media.vw.com/assets/documents/original/6339-1692773121552569996bf37.pdf,200,28862,b81227812807ca7eb92b5acaa3234adf5c30554d5cf9a546f7278a848412dc3b,2026-10-02T12:00:00+00:00,press/media.vw.com/6339-1692773121552569996bf37.pdf,ok,"line named in the document title; year from the title; published Apr 8, 2015; found on: 2015 Jetta GLI Press Kit; 2 PDF pages"
volkswagen,volkswagen/jetta,2015,press_specifications,2015 Jetta Hybrid Specifications,https://media.vw.com/assets/documents/original/6340-10115993255256a01548b9.pdf,200,109139,b0f357a90e5e29fe8627221613f0385df5d395cf48d948d88af7fb552c7afc30,2026-10-02T12:00:05+00:00,press/media.vw.com/6340-10115993255256a01548b9.pdf,ok,"line named in the document title; year from the title; published Apr 8, 2015; found on: 2015 Jetta Hybrid Press Kit; 2 PDF pages"
volkswagen,volkswagen/touareg,2016,press_specifications,2016 Touareg Specifications,https://media.vw.com/assets/documents/original/6348-63987037355c8c3e665d30.pdf,200,39465,e794f2d43213963abdc0e42cfe5bcf7d9896a716f7a6a8dedbb77d94567fe16f,2026-10-02T12:00:09+00:00,press/media.vw.com/6348-63987037355c8c3e665d30.pdf,ok,"line named in the document title; year from the title; published Aug 10, 2015; found on: 2016 Touareg Press Kit; 2 PDF pages"
volkswagen,volkswagen/tiguan,2016,press_specifications,2016 Tiguan Specifications,https://media.vw.com/assets/documents/original/6350-166120949755c8c73d718cb.pdf,200,99238,f47949d2681d1bad88416b064512e2c36eb0f95fe31cb2c3522f3ca0c9d070ac,2026-10-02T12:00:13+00:00,press/media.vw.com/6350-166120949755c8c73d718cb.pdf,ok,"line named in the document title; year from the title; published Aug 10, 2015; found on: 2016 Tiguan Press Kit; 2 PDF pages"
volkswagen,volkswagen/jetta,2016,press_specifications,2016 Jetta Specifications,https://media.vw.com/assets/documents/original/6391-117995671566f0e1b7ea94.pdf,200,124708,6fb29b612bee7b490167691c4866580be1b0ac595db80b6f3d7cfb082b706456,2026-10-02T12:00:17+00:00,press/media.vw.com/6391-117995671566f0e1b7ea94.pdf,ok,"line named in the document title; year from the title; published Dec 14, 2015; found on: 2016 Jetta GLI Press Kit; 2016 Jetta Press Kit; 2 PDF pages"
volkswagen,volkswagen/jetta,2016,press_specifications,2016 Jetta Hybrid Specifications,https://media.vw.com/assets/documents/original/6392-1413071245566f0e239d977.pdf,200,109373,86a202aa5d904e4e4dad8c9723b96f229b8a330f133152fd01dfa0647b2c5e0e,2026-10-02T12:00:22+00:00,press/media.vw.com/6392-1413071245566f0e239d977.pdf,ok,"line named in the document title; year from the title; published Dec 14, 2015; found on: 2016 Jetta GLI Press Kit; 2016 Jetta Press Kit; 2 PDF pages"
volkswagen,volkswagen/jetta,2016,press_specifications,2016 Jetta GLI Specifications,https://media.vw.com/assets/documents/original/6393-1904166450566f0e2a45149.pdf,200,29176,824a79e0d0db4251f58837eef59a940de97ffb3d7b54db72688113550d1b208f,2026-10-02T12:00:26+00:00,press/media.vw.com/6393-1904166450566f0e2a45149.pdf,ok,"line named in the document title; year from the title; published Dec 14, 2015; found on: 2016 Jetta GLI Press Kit; 2016 Jetta Press Kit; 2 PDF pages"
volkswagen,volkswagen/jetta,2017,press_specifications,2017 Jetta Tech Specs,https://media.vw.com/assets/documents/original/6423-15222171157d84aabbfec4.pdf,200,44395,9c0d3d703dcbd2946491a3b0eed4f4bc4ade7f9acbbbecbf04d520bb737285ec,2026-10-02T12:00:30+00:00,press/media.vw.com/6423-15222171157d84aabbfec4.pdf,ok,"line named in the document title; year from the title; published Sep 13, 2016; found on: 2017 Jetta GLI Press Kit; 2017 Jetta Press Kit; 2 PDF pages"
volkswagen,volkswagen/tiguan,2017,press_specifications,2017 Tiguan Tech Specs,https://media.vw.com/assets/documents/original/6434-114647320857d84c00d7024.pdf,200,99506,c874f6e365990b66cbae6dcda9da8b42cf5f8e5b6478e02795e10c565188c7e4,2026-10-02T12:00:37+00:00,press/media.vw.com/6434-114647320857d84c00d7024.pdf,ok,"line named in the document title; year from the title; published Sep 13, 2016; found on: 2017 Tiguan Press Kit; 2 PDF pages"
volkswagen,volkswagen/touareg,2017,press_specifications,2017 Touareg Tech Specs,https://media.vw.com/assets/documents/original/6437-207890101457d84c51f1bb9.pdf,200,29729,558163f853c7e680a5743cdd992f037de23413c331e46c52ccfa01f170d2fcef,2026-10-02T12:00:40+00:00,press/media.vw.com/6437-207890101457d84c51f1bb9.pdf,ok,"line named in the document title; year from the title; published Sep 13, 2016; found on: 2017 Touareg Press Kit; 2 PDF pages"
volkswagen,volkswagen/tiguan,2018,press_specifications,2018 Tiguan Technical Specifications,https://media.vw.com/assets/documents/original/7099-2018+Tiguan+Technical+Specifications.pdf,200,101757,3e326d7e0a6176a28b01f266858677e63c93dd7c62e27514ae56bbe106a1fee2,2026-10-02T12:00:45+00:00,press/media.vw.com/7099-2018_Tiguan_Technical_Specifications.pdf,ok,"line named in the document title; year from the title; published Sep 10, 2017; found on: 2018 Tiguan Press Kit; 2 PDF pages"
volkswagen,volkswagen/tiguan,2017,press_specifications,2017 Tiguan Limited Technical Specifications,https://media.vw.com/assets/documents/original/7123-2017+Tiguan+Limited+Tech+Specs.pdf,200,154851,e72678a9899824acfd8f9f0e180868bc879a0eec6775f798ab3ebc3cad529ba2,2026-10-02T12:00:48+00:00,press/media.vw.com/7123-2017_Tiguan_Limited_Tech_Specs.pdf,ok,"line named in the document title; year from the title; published Sep 17, 2017; found on: 2017 Tiguan Limited Press Kit; 2 PDF pages"
volkswagen,volkswagen/atlas,2018,press_specifications,2018 Atlas Technical Specifications,https://media.vw.com/assets/documents/original/7350-2018+Atlas+Technical+Specifications.pdf,200,139123,a800c9e932df1839c0ff433eb83fc7736bc5cc4a4a4302fb3e4820064c2cb97f,2026-10-02T12:00:52+00:00,press/media.vw.com/7350-2018_Atlas_Technical_Specifications.pdf,ok,"line named in the document title; year from the title; published Sep 18, 2017; found on: 2018 Atlas Press Kit; 2 PDF pages"
volkswagen,volkswagen/jetta,2018,press_specifications,2018 Jetta Technical Specifications,https://media.vw.com/assets/documents/original/7410-2018+Jetta+Technical+Specifications.pdf,200,161359,563cab1863dddb06c33c59c063ade84261faec5440b285daa54627384c86f572,2026-10-02T12:00:58+00:00,press/media.vw.com/7410-2018_Jetta_Technical_Specifications.pdf,ok,"line named in the document title; year from the title; published Oct 8, 2017; found on: 2018 Jetta GLI Press Kit; 2018 Jetta Press Kit; 2 PDF pages"
volkswagen,volkswagen/jetta,2019,press_specifications,2019 Jetta Technical Specifications,https://media.vw.com/assets/documents/original/8684-2019VolkswagenJettaTechnicalSpecifications.pdf,200,30020,95a36a3e35ac105bea7008d1d6d56ad6e422146f6854483684ea24f8008202f2,2026-10-02T12:01:00+00:00,press/media.vw.com/8684-2019VolkswagenJettaTechnicalSpecifications.pdf,ok,"line named in the document title; year from the title; published Sep 4, 2018; found on: 2019 Jetta Press Kit; 2 PDF pages"
volkswagen,volkswagen/tiguan,2019,press_specifications,2019 Tiguan Technical Specifications,https://media.vw.com/assets/documents/original/9078-2019TiguanTechSpecs.pdf,200,102234,43f8aae514971a96168914aae76f91993f2682a35859bc63c86551b129701a08,2026-10-02T12:01:06+00:00,press/media.vw.com/9078-2019TiguanTechSpecs.pdf,ok,"line named in the document title; year from the title; published Nov 16, 2018; found on: 2019 Tiguan Press Kit; 2 PDF pages"
volkswagen,volkswagen/atlas,2019,press_specifications,2019 Atlas Technical Specifications,https://media.vw.com/assets/documents/original/9317-2019AtlasTechSpecsFINALupdated21192.pdf,200,132925,36c8a6f90782d6da5bfa1922b23b60ec5e9e0b0514abfc6d4328d9f1205f19be,2026-10-02T12:01:11+00:00,press/media.vw.com/9317-2019AtlasTechSpecsFINALupdated21192.pdf,ok,"line named in the document title; year from the title; published Feb 1, 2019; found on: 2019 Atlas Press Kit; 2 PDF pages"
volkswagen,volkswagen/passat,2017,press_specifications,2017 Passat Tech Specs,https://media.vw.com/assets/documents/original/944-154215930457d8164378452.pdf,200,34337,95389f0ebf7446ff57976b869bff043e0a835b83126896ff3a8eb580bc8a7198,2026-10-02T12:01:16+00:00,press/media.vw.com/944-154215930457d8164378452.pdf,ok,"line named in the document title; year from the title; published Sep 13, 2016; found on: 2017 Volkswagen Passat: more standard equipment makes for the best Passat yet; 2 PDF pages"
volkswagen,volkswagen/jetta,2019,press_specifications,2019 Jetta GLI Technical Specifications,https://media.vw.com/assets/documents/original/9521-2019JettaGLITechSpecs.pdf,200,102005,f1fe18f605d5baff70def160cf1e037795ec9b6cdfec7a56125e2906ccf18af5,2026-10-02T12:01:21+00:00,press/media.vw.com/9521-2019JettaGLITechSpecs.pdf,ok,"line named in the document title; year from the title; published Mar 25, 2019; found on: 2019 Jetta GLI Press Kit; 2 PDF pages"
volkswagen,volkswagen/passat,2014,press_specifications,,https://media.vw.com/models/passat#2014,,,,2026-10-02T12:01:21+00:00,,not_found,no press kit or document of that model year listed
volkswagen,volkswagen/passat,2016,press_specifications,,https://media.vw.com/models/passat#2016,,,,2026-10-02T12:01:21+00:00,,not_found,no press kit or document of that model year listed
volkswagen,volkswagen/passat,2018,press_specifications,,https://media.vw.com/models/passat#2018,,,,2026-10-02T12:01:21+00:00,,not_found,no press kit or document of that model year listed
volkswagen,volkswagen/passat,2019,press_specifications,,https://media.vw.com/models/passat#2019,,,,2026-10-02T12:01:21+00:00,,not_found,no press kit or document of that model year listed
volkswagen,volkswagen/passat,2020,press_specifications,,https://media.vw.com/models/passat#2020,,,,2026-10-02T12:01:21+00:00,,not_found,no press kit or document of that model year listed
volkswagen,volkswagen/passat,2021,press_specifications,,https://media.vw.com/models/passat#2021,,,,2026-10-02T12:01:21+00:00,,not_found,no press kit or document of that model year listed
volkswagen,volkswagen/arteon,2019,press_specifications,,https://media.vw.com/models/arteon#2019,,,,2026-10-02T12:01:21+00:00,,not_found,no press kit or document of that model year listed
volkswagen,volkswagen/arteon,2020,press_specifications,,https://media.vw.com/models/arteon#2020,,,,2026-10-02T12:01:21+00:00,,not_found,no press kit or document of that model year listed
volkswagen,volkswagen/arteon,2022,press_specifications,,https://media.vw.com/models/arteon#2022,,,,2026-10-02T12:01:21+00:00,,not_found,no press kit or document of that model year listed
volkswagen,volkswagen/arteon,2024,press_specifications,,https://media.vw.com/models/arteon#2024,,,,2026-10-02T12:01:21+00:00,,not_found,no press kit or document of that model year listed
volkswagen,,,robots,robots.txt,https://media.vw.com/robots.txt,200,75,f6f9199c9b855cd434eca2b82415f5b0f851f71cbd82bfc333063fd9b5f12bf9,2026-10-02T12:54:10+00:00,press/media.vw.com/robots.txt.gz,ok,no rule against the pages used
volkswagen,volkswagen/passat,2014,press_specifications,,https://media.vw.com/models/passat#2014,,,,2026-10-02T12:54:10+00:00,,not_found,"no press kit of that model year listed; checked: model pages passat, their press kits (all years) and the releases naming that year"
volkswagen,volkswagen/passat,2016,press_specifications,,https://media.vw.com/models/passat#2016,,,,2026-10-02T12:54:10+00:00,,not_found,"no press kit of that model year listed; checked: model pages passat, their press kits (all years) and the releases naming that year"
volkswagen,volkswagen/passat,2018,press_specifications,,https://media.vw.com/models/passat#2018,,,,2026-10-02T12:54:10+00:00,,not_found,"no press kit of that model year listed; checked: model pages passat, their press kits (all years) and the releases naming that year"
volkswagen,volkswagen/passat,2019,press_specifications,,https://media.vw.com/models/passat#2019,,,,2026-10-02T12:54:10+00:00,,not_found,"no press kit of that model year listed; checked: model pages passat, their press kits (all years) and the releases naming that year"
volkswagen,volkswagen/passat,2020,press_specifications,,https://media.vw.com/models/passat#2020,,,,2026-10-02T12:54:10+00:00,,not_found,"no press kit of that model year listed; checked: model pages passat, their press kits (all years) and the releases naming that year"
volkswagen,volkswagen/passat,2021,press_specifications,,https://media.vw.com/models/passat#2021,,,,2026-10-02T12:54:10+00:00,,not_found,"no press kit of that model year listed; checked: model pages passat, their press kits (all years) and the releases naming that year"
volkswagen,volkswagen/arteon,2019,press_specifications,,https://media.vw.com/models/arteon#2019,,,,2026-10-02T12:54:10+00:00,,not_found,"no press kit of that model year listed; checked: model pages arteon, their press kits (all years) and the releases naming that year"
volkswagen,volkswagen/arteon,2020,press_specifications,,https://media.vw.com/models/arteon#2020,,,,2026-10-02T12:54:10+00:00,,not_found,"no press kit of that model year listed; checked: model pages arteon, their press kits (all years) and the releases naming that year"
volkswagen,volkswagen/arteon,2022,press_specifications,,https://media.vw.com/models/arteon#2022,,,,2026-10-02T12:54:10+00:00,,not_found,"no press kit of that model year listed; checked: model pages arteon, their press kits (all years) and the releases naming that year"
volkswagen,volkswagen/arteon,2024,press_specifications,,https://media.vw.com/models/arteon#2024,,,,2026-10-02T12:54:10+00:00,,not_found,"no press kit of that model year listed; checked: model pages arteon, their press kits (all years) and the releases naming that year"
